game_id,game_date,home_team_id,home_team,home_team_abbr,home_score,away_team_id,away_team,away_team_abbr,away_score,neutral_site
0022500002,2025-10-21,1610612747,Los Angeles Lakers,LAL,109,1610612744,Golden State Warriors,GSW,119,False
0022500001,2025-10-21,1610612760,Oklahoma City Thunder,OKC,125,1610612745,Houston Rockets,HOU,124,False
0022500082,2025-10-22,1610612737,Atlanta Hawks,ATL,118,1610612761,Toronto Raptors,TOR,138,False
0022500083,2025-10-22,1610612738,Boston Celtics,BOS,116,1610612755,Philadelphia 76ers,PHI,117,False
0022500003,2025-10-22,1610612752,New York Knicks,NYK,119,1610612739,Cleveland Cavaliers,CLE,111,False
0022500085,2025-10-22,1610612763,Memphis Grizzlies,MEM,128,1610612740,New Orleans Pelicans,NOP,122,False
0022500084,2025-10-22,1610612741,Chicago Bulls,CHI,115,1610612765,Detroit Pistons,DET,111,False
0022500004,2025-10-22,1610612742,Dallas Mavericks,DAL,92,1610612759,San Antonio Spurs,SAS,125,False
0022500087,2025-10-22,1610612762,Utah Jazz,UTA,129,1610612746,LA Clippers,LAC,108,False
0022500081,2025-10-22,1610612753,Orlando Magic,ORL,125,1610612748,Miami Heat,MIA,121,False
0022500086,2025-10-22,1610612749,Milwaukee Bucks,MIL,133,1610612764,Washington Wizards,WAS,120,False
0022500089,2025-10-22,1610612757,Portland Trail Blazers,POR,114,1610612750,Minnesota Timberwolves,MIN,118,False
0022500080,2025-10-22,1610612766,Charlotte Hornets,CHA,136,1610612751,Brooklyn Nets,BKN,117,False
0022500088,2025-10-22,1610612756,Phoenix Suns,PHX,120,1610612758,Sacramento Kings,SAC,116,False
0022500006,2025-10-23,1610612744,Golden State Warriors,GSW,137,1610612743,Denver Nuggets,DEN,131,False
0022500005,2025-10-23,1610612754,Indiana Pacers,IND,135,1610612760,Oklahoma City Thunder,OKC,141,False
0022500090,2025-10-24,1610612753,Orlando Magic,ORL,107,1610612737,Atlanta Hawks,ATL,111,False
0022500018,2025-10-24,1610612752,New York Knicks,NYK,105,1610612738,Boston Celtics,BOS,95,False
0022500091,2025-10-24,1610612751,Brooklyn Nets,BKN,124,1610612739,Cleveland Cavaliers,CLE,131,False
0022500095,2025-10-24,1610612740,New Orleans Pelicans,NOP,116,1610612759,San Antonio Spurs,SAS,120,False
0022500096,2025-10-24,1610612742,Dallas Mavericks,DAL,107,1610612764,Washington Wizards,WAS,117,False
0022500097,2025-10-24,1610612757,Portland Trail Blazers,POR,139,1610612744,Golden State Warriors,GSW,119,False
0022500093,2025-10-24,1610612745,Houston Rockets,HOU,111,1610612765,Detroit Pistons,DET,115,False
0022500099,2025-10-24,1610612746,LA Clippers,LAC,129,1610612756,Phoenix Suns,PHX,102,False
0022500019,2025-10-24,1610612747,Los Angeles Lakers,LAL,128,1610612750,Minnesota Timberwolves,MIN,110,False
0022500094,2025-10-24,1610612763,Memphis Grizzlies,MEM,114,1610612748,Miami Heat,MIA,146,False
0022500092,2025-10-24,1610612761,Toronto Raptors,TOR,116,1610612749,Milwaukee Bucks,MIL,122,False
0022500098,2025-10-24,1610612758,Sacramento Kings,SAC,105,1610612762,Utah Jazz,UTA,104,False
0022500101,2025-10-25,1610612737,Atlanta Hawks,ATL,100,1610612760,Oklahoma City Thunder,OKC,117,False
0022500100,2025-10-25,1610612753,Orlando Magic,ORL,98,1610612741,Chicago Bulls,CHI,110,False
0022500104,2025-10-25,1610612743,Denver Nuggets,DEN,133,1610612756,Phoenix Suns,PHX,111,False
0022500103,2025-10-25,1610612763,Memphis Grizzlies,MEM,128,1610612754,Indiana Pacers,IND,103,False
0022500102,2025-10-25,1610612755,Philadelphia 76ers,PHI,125,1610612766,Charlotte Hornets,CHA,121,False
0022500106,2025-10-26,1610612765,Detroit Pistons,DET,119,1610612738,Boston Celtics,BOS,113,False
0022500107,2025-10-26,1610612739,Cleveland Cavaliers,CLE,118,1610612749,Milwaukee Bucks,MIL,113,False
0022500111,2025-10-26,1610612742,Dallas Mavericks,DAL,139,1610612761,Toronto Raptors,TOR,129,False
0022500112,2025-10-26,1610612746,LA Clippers,LAC,114,1610612757,Portland Trail Blazers,POR,107,False
0022500113,2025-10-26,1610612758,Sacramento Kings,SAC,120,1610612747,Los Angeles Lakers,LAL,127,False
0022500108,2025-10-26,1610612748,Miami Heat,MIA,115,1610612752,New York Knicks,NYK,107,False
0022500110,2025-10-26,1610612750,Minnesota Timberwolves,MIN,114,1610612754,Indiana Pacers,IND,110,False
0022500105,2025-10-26,1610612759,San Antonio Spurs,SAS,118,1610612751,Brooklyn Nets,BKN,107,False
0022500109,2025-10-26,1610612764,Washington Wizards,WAS,113,1610612766,Charlotte Hornets,CHA,139,False
0022500115,2025-10-27,1610612741,Chicago Bulls,CHI,128,1610612737,Atlanta Hawks,ATL,123,False
0022500117,2025-10-27,1610612740,New Orleans Pelicans,NOP,90,1610612738,Boston Celtics,BOS,122,False
0022500007,2025-10-27,1610612765,Detroit Pistons,DET,95,1610612739,Cleveland Cavaliers,CLE,116,False
0022500119,2025-10-27,1610612742,Dallas Mavericks,DAL,94,1610612760,Oklahoma City Thunder,OKC,101,False
0022500008,2025-10-27,1610612750,Minnesota Timberwolves,MIN,114,1610612743,Denver Nuggets,DEN,127,False
0022500121,2025-10-27,1610612744,Golden State Warriors,GSW,131,1610612763,Memphis Grizzlies,MEM,118,False
0022500116,2025-10-27,1610612745,Houston Rockets,HOU,137,1610612751,Brooklyn Nets,BKN,109,False
0022500122,2025-10-27,1610612747,Los Angeles Lakers,LAL,108,1610612757,Portland Trail Blazers,POR,122,False
0022500114,2025-10-27,1610612755,Philadelphia 76ers,PHI,136,1610612753,Orlando Magic,ORL,124,False
0022500120,2025-10-27,1610612762,Utah Jazz,UTA,138,1610612756,Phoenix Suns,PHX,134,False
0022500118,2025-10-27,1610612759,San Antonio Spurs,SAS,121,1610612761,Toronto Raptors,TOR,103,False
0022500127,2025-10-28,1610612744,Golden State Warriors,GSW,98,1610612746,LA Clippers,LAC,79,False
0022500124,2025-10-28,1610612748,Miami Heat,MIA,144,1610612766,Charlotte Hornets,CHA,117,False
0022500125,2025-10-28,1610612749,Milwaukee Bucks,MIL,121,1610612752,New York Knicks,NYK,111,False
0022500123,2025-10-28,1610612764,Washington Wizards,WAS,134,1610612755,Philadelphia 76ers,PHI,139,False
0022500126,2025-10-28,1610612760,Oklahoma City Thunder,OKC,107,1610612758,Sacramento Kings,SAC,101,False
0022500130,2025-10-29,1610612751,Brooklyn Nets,BKN,112,1610612737,Atlanta Hawks,ATL,117,False
0022500128,2025-10-29,1610612738,Boston Celtics,BOS,125,1610612739,Cleveland Cavaliers,CLE,105,False
0022500134,2025-10-29,1610612743,Denver Nuggets,DEN,122,1610612740,New Orleans Pelicans,NOP,88,False
0022500132,2025-10-29,1610612741,Chicago Bulls,CHI,126,1610612758,Sacramento Kings,SAC,113,False
0022500133,2025-10-29,1610612742,Dallas Mavericks,DAL,107,1610612754,Indiana Pacers,IND,105,False
0022500131,2025-10-29,1610612761,Toronto Raptors,TOR,121,1610612745,Houston Rockets,HOU,139,False
0022500136,2025-10-29,1610612750,Minnesota Timberwolves,MIN,115,1610612747,Los Angeles Lakers,LAL,116,False
0022500129,2025-10-29,1610612765,Detroit Pistons,DET,135,1610612753,Orlando Magic,ORL,116,False
0022500137,2025-10-29,1610612756,Phoenix Suns,PHX,113,1610612763,Memphis Grizzlies,MEM,114,False
0022500135,2025-10-29,1610612762,Utah Jazz,UTA,134,1610612757,Portland Trail Blazers,POR,136,False
0022500139,2025-10-30,1610612749,Milwaukee Bucks,MIL,120,1610612744,Golden State Warriors,GSW,110,False
0022500141,2025-10-30,1610612759,San Antonio Spurs,SAS,107,1610612748,Miami Heat,MIA,101,False
0022500138,2025-10-30,1610612766,Charlotte Hornets,CHA,107,1610612753,Orlando Magic,ORL,123,False
0022500140,2025-10-30,1610612760,Oklahoma City Thunder,OKC,127,1610612764,Washington Wizards,WAS,108,False
0022500020,2025-10-31,1610612754,Indiana Pacers,IND,108,1610612737,Atlanta Hawks,ATL,128,False
0022500021,2025-10-31,1610612755,Philadelphia 76ers,PHI,108,1610612738,Boston Celtics,BOS,109,False
0022500022,2025-10-31,1610612739,Cleveland Cavaliers,CLE,101,1610612761,Toronto Raptors,TOR,112,False
0022500027,2025-10-31,1610612746,LA Clippers,LAC,126,1610612740,New Orleans Pelicans,NOP,124,False
0022500023,2025-10-31,1610612741,Chicago Bulls,CHI,135,1610612752,New York Knicks,NYK,125,False
0022500026,2025-10-31,1610612757,Portland Trail Blazers,POR,109,1610612743,Denver Nuggets,DEN,107,False
0022500024,2025-10-31,1610612763,Memphis Grizzlies,MEM,112,1610612747,Los Angeles Lakers,LAL,117,False
0022500025,2025-10-31,1610612756,Phoenix Suns,PHX,118,1610612762,Utah Jazz,UTA,96,False
0022500146,2025-11-01,1610612738,Boston Celtics,BOS,101,1610612745,Houston Rockets,HOU,128,False
0022500147,2025-11-01,1610612742,Dallas Mavericks,DAL,110,1610612765,Detroit Pistons,DET,122,True
0022500144,2025-11-01,1610612754,Indiana Pacers,IND,114,1610612744,Golden State Warriors,GSW,109,False
0022500142,2025-11-01,1610612749,Milwaukee Bucks,MIL,133,1610612758,Sacramento Kings,SAC,135,False
0022500143,2025-11-01,1610612766,Charlotte Hornets,CHA,105,1610612750,Minnesota Timberwolves,MIN,122,False
0022500145,2025-11-01,1610612764,Washington Wizards,WAS,94,1610612753,Orlando Magic,ORL,125,False
0022500151,2025-11-02,1610612739,Cleveland Cavaliers,CLE,117,1610612737,Atlanta Hawks,ATL,109,False
0022500148,2025-11-02,1610612760,Oklahoma City Thunder,OKC,137,1610612740,New Orleans Pelicans,NOP,106,False
0022500153,2025-11-02,1610612752,New York Knicks,NYK,128,1610612741,Chicago Bulls,CHI,116,False
0022500155,2025-11-02,1610612747,Los Angeles Lakers,LAL,130,1610612748,Miami Heat,MIA,120,False
0022500149,2025-11-02,1610612751,Brooklyn Nets,BKN,105,1610612755,Philadelphia 76ers,PHI,129,False
0022500154,2025-11-02,1610612756,Phoenix Suns,PHX,130,1610612759,San Antonio Spurs,SAS,118,False
0022500152,2025-11-02,1610612761,Toronto Raptors,TOR,117,1610612763,Memphis Grizzlies,MEM,104,False
0022500150,2025-11-02,1610612766,Charlotte Hornets,CHA,126,1610612762,Utah Jazz,UTA,103,False
0022500158,2025-11-03,1610612738,Boston Celtics,BOS,103,1610612762,Utah Jazz,UTA,105,False
0022500160,2025-11-03,1610612745,Houston Rockets,HOU,110,1610612742,Dallas Mavericks,DAL,102,False
0022500162,2025-11-03,1610612743,Denver Nuggets,DEN,130,1610612758,Sacramento Kings,SAC,124,False
0022500164,2025-11-03,1610612746,LA Clippers,LAC,119,1610612748,Miami Heat,MIA,120,False
0022500163,2025-11-03,1610612757,Portland Trail Blazers,POR,115,1610612747,Los Angeles Lakers,LAL,123,False
0022500157,2025-11-03,1610612754,Indiana Pacers,IND,115,1610612749,Milwaukee Bucks,MIL,117,False
0022500156,2025-11-03,1610612751,Brooklyn Nets,BKN,109,1610612750,Minnesota Timberwolves,MIN,125,False
0022500159,2025-11-03,1610612752,New York Knicks,NYK,119,1610612764,Washington Wizards,WAS,102,False
0022500161,2025-11-03,1610612763,Memphis Grizzlies,MEM,106,1610612765,Detroit Pistons,DET,114,False
0022500166,2025-11-04,1610612737,Atlanta Hawks,ATL,127,1610612753,Orlando Magic,ORL,112,False
0022500168,2025-11-04,1610612740,New Orleans Pelicans,NOP,116,1610612766,Charlotte Hornets,CHA,112,False
0022500167,2025-11-04,1610612741,Chicago Bulls,CHI,113,1610612755,Philadelphia 76ers,PHI,111,False
0022500169,2025-11-04,1610612744,Golden State Warriors,GSW,118,1610612756,Phoenix Suns,PHX,107,False
0022500170,2025-11-04,1610612746,LA Clippers,LAC,107,1610612760,Oklahoma City Thunder,OKC,126,False
0022500165,2025-11-04,1610612761,Toronto Raptors,TOR,128,1610612749,Milwaukee Bucks,MIL,100,False
0022500174,2025-11-05,1610612738,Boston Celtics,BOS,136,1610612764,Washington Wizards,WAS,107,False
0022500171,2025-11-05,1610612739,Cleveland Cavaliers,CLE,132,1610612755,Philadelphia 76ers,PHI,121,False
0022500177,2025-11-05,1610612742,Dallas Mavericks,DAL,99,1610612740,New Orleans Pelicans,NOP,101,False
0022500178,2025-11-05,1610612743,Denver Nuggets,DEN,122,1610612748,Miami Heat,MIA,112,False
0022500181,2025-11-05,1610612758,Sacramento Kings,SAC,121,1610612744,Golden State Warriors,GSW,116,False
0022500176,2025-11-05,1610612763,Memphis Grizzlies,MEM,109,1610612745,Houston Rockets,HOU,124,False
0022500179,2025-11-05,1610612747,Los Angeles Lakers,LAL,118,1610612759,San Antonio Spurs,SAS,116,False
0022500175,2025-11-05,1610612752,New York Knicks,NYK,137,1610612750,Minnesota Timberwolves,MIN,114,False
0022500173,2025-11-05,1610612754,Indiana Pacers,IND,103,1610612751,Brooklyn Nets,BKN,112,False
0022500180,2025-11-05,1610612757,Portland Trail Blazers,POR,121,1610612760,Oklahoma City Thunder,OKC,119,False
0022500172,2025-11-05,1610612765,Detroit Pistons,DET,114,1610612762,Utah Jazz,UTA,103,False
0022500182,2025-11-06,1610612756,Phoenix Suns,PHX,115,1610612746,LA Clippers,LAC,102,False
0022500030,2025-11-07,1610612737,Atlanta Hawks,ATL,97,1610612761,Toronto Raptors,TOR,109,False
0022500028,2025-11-07,1610612753,Orlando Magic,ORL,123,1610612738,Boston Celtics,BOS,110,False
0022500029,2025-11-07,1610612764,Washington Wizards,WAS,115,1610612739,Cleveland Cavaliers,CLE,148,False
0022500035,2025-11-07,1610612749,Milwaukee Bucks,MIL,126,1610612741,Chicago Bulls,CHI,110,False
0022500034,2025-11-07,1610612763,Memphis Grizzlies,MEM,118,1610612742,Dallas Mavericks,DAL,104,False
0022500037,2025-11-07,1610612743,Denver Nuggets,DEN,129,1610612744,Golden State Warriors,GSW,104,False
0022500032,2025-11-07,1610612759,San Antonio Spurs,SAS,121,1610612745,Houston Rockets,HOU,110,False
0022500033,2025-11-07,1610612748,Miami Heat,MIA,126,1610612766,Charlotte Hornets,CHA,108,False
0022500036,2025-11-07,1610612750,Minnesota Timberwolves,MIN,137,1610612762,Utah Jazz,UTA,97,False
0022500031,2025-11-07,1610612751,Brooklyn Nets,BKN,107,1610612765,Detroit Pistons,DET,125,False
0022500038,2025-11-07,1610612758,Sacramento Kings,SAC,101,1610612760,Oklahoma City Thunder,OKC,132,False
0022500185,2025-11-08,1610612737,Atlanta Hawks,ATL,122,1610612747,Los Angeles Lakers,LAL,102,False
0022500186,2025-11-08,1610612739,Cleveland Cavaliers,CLE,128,1610612741,Chicago Bulls,CHI,122,False
0022500188,2025-11-08,1610612759,San Antonio Spurs,SAS,126,1610612740,New Orleans Pelicans,NOP,119,False
0022500183,2025-11-08,1610612764,Washington Wizards,WAS,105,1610612742,Dallas Mavericks,DAL,111,False
0022500189,2025-11-08,1610612743,Denver Nuggets,DEN,117,1610612754,Indiana Pacers,IND,100,False
0022500190,2025-11-08,1610612746,LA Clippers,LAC,103,1610612756,Phoenix Suns,PHX,114,False
0022500187,2025-11-08,1610612748,Miami Heat,MIA,136,1610612757,Portland Trail Blazers,POR,131,False
0022500184,2025-11-08,1610612755,Philadelphia 76ers,PHI,130,1610612761,Toronto Raptors,TOR,120,False
0022500193,2025-11-09,1610612753,Orlando Magic,ORL,107,1610612738,Boston Celtics,BOS,111,False
0022500196,2025-11-09,1610612744,Golden State Warriors,GSW,114,1610612754,Indiana Pacers,IND,83,False
0022500191,2025-11-09,1610612749,Milwaukee Bucks,MIL,115,1610612745,Houston Rockets,HOU,122,False
0022500197,2025-11-09,1610612758,Sacramento Kings,SAC,117,1610612750,Minnesota Timberwolves,MIN,144,False
0022500192,2025-11-09,1610612752,New York Knicks,NYK,134,1610612751,Brooklyn Nets,BKN,98,False
0022500195,2025-11-09,1610612755,Philadelphia 76ers,PHI,108,1610612765,Detroit Pistons,DET,111,False
0022500194,2025-11-09,1610612763,Memphis Grizzlies,MEM,100,1610612760,Oklahoma City Thunder,OKC,114,False
0022500206,2025-11-10,1610612746,LA Clippers,LAC,102,1610612737,Atlanta Hawks,ATL,105,False
0022500201,2025-11-10,1610612748,Miami Heat,MIA,140,1610612739,Cleveland Cavaliers,CLE,138,False
0022500204,2025-11-10,1610612756,Phoenix Suns,PHX,121,1610612740,New Orleans Pelicans,NOP,98,False
0022500202,2025-11-10,1610612741,Chicago Bulls,CHI,117,1610612759,San Antonio Spurs,SAS,121,False
0022500203,2025-11-10,1610612742,Dallas Mavericks,DAL,114,1610612749,Milwaukee Bucks,MIL,116,False
0022500198,2025-11-10,1610612766,Charlotte Hornets,CHA,111,1610612747,Los Angeles Lakers,LAL,121,False
0022500205,2025-11-10,1610612762,Utah Jazz,UTA,113,1610612750,Minnesota Timberwolves,MIN,120,False
0022500200,2025-11-10,1610612753,Orlando Magic,ORL,115,1610612757,Portland Trail Blazers,POR,112,False
0022500199,2025-11-10,1610612765,Detroit Pistons,DET,137,1610612764,Washington Wizards,WAS,135,False
0022500209,2025-11-11,1610612755,Philadelphia 76ers,PHI,102,1610612738,Boston Celtics,BOS,100,False
0022500212,2025-11-11,1610612758,Sacramento Kings,SAC,108,1610612743,Denver Nuggets,DEN,122,False
0022500210,2025-11-11,1610612760,Oklahoma City Thunder,OKC,126,1610612744,Golden State Warriors,GSW,102,False
0022500207,2025-11-11,1610612751,Brooklyn Nets,BKN,109,1610612761,Toronto Raptors,TOR,119,False
0022500208,2025-11-11,1610612752,New York Knicks,NYK,133,1610612763,Memphis Grizzlies,MEM,120,False
0022500211,2025-11-11,1610612762,Utah Jazz,UTA,152,1610612754,Indiana Pacers,IND,128,False
0022500223,2025-11-12,1610612758,Sacramento Kings,SAC,100,1610612737,Atlanta Hawks,ATL,133,False
0022500216,2025-11-12,1610612738,Boston Celtics,BOS,131,1610612763,Memphis Grizzlies,MEM,95,False
0022500217,2025-11-12,1610612748,Miami Heat,MIA,116,1610612739,Cleveland Cavaliers,CLE,130,False
0022500219,2025-11-12,1610612740,New Orleans Pelicans,NOP,117,1610612757,Portland Trail Blazers,POR,125,False
0022500214,2025-11-12,1610612765,Detroit Pistons,DET,124,1610612741,Chicago Bulls,CHI,113,False
0022500221,2025-11-12,1610612742,Dallas Mavericks,DAL,114,1610612756,Phoenix Suns,PHX,123,False
0022500224,2025-11-12,1610612746,LA Clippers,LAC,116,1610612743,Denver Nuggets,DEN,130,False
0022500220,2025-11-12,1610612759,San Antonio Spurs,SAS,120,1610612744,Golden State Warriors,GSW,125,False
0022500218,2025-11-12,1610612745,Houston Rockets,HOU,135,1610612764,Washington Wizards,WAS,112,False
0022500222,2025-11-12,1610612760,Oklahoma City Thunder,OKC,121,1610612747,Los Angeles Lakers,LAL,92,False
0022500213,2025-11-12,1610612766,Charlotte Hornets,CHA,111,1610612749,Milwaukee Bucks,MIL,100,False
0022500215,2025-11-12,1610612752,New York Knicks,NYK,107,1610612753,Orlando Magic,ORL,124,False
0022500227,2025-11-13,1610612762,Utah Jazz,UTA,122,1610612737,Atlanta Hawks,ATL,132,False
0022500225,2025-11-13,1610612739,Cleveland Cavaliers,CLE,113,1610612761,Toronto Raptors,TOR,126,False
0022500226,2025-11-13,1610612756,Phoenix Suns,PHX,133,1610612754,Indiana Pacers,IND,98,False
0022500045,2025-11-14,1610612740,New Orleans Pelicans,NOP,104,1610612747,Los Angeles Lakers,LAL,118,False
0022500046,2025-11-14,1610612742,Dallas Mavericks,DAL,127,1610612746,LA Clippers,LAC,133,False
0022500047,2025-11-14,1610612759,San Antonio Spurs,SAS,108,1610612744,Golden State Warriors,GSW,109,False
0022500042,2025-11-14,1610612745,Houston Rockets,HOU,140,1610612757,Portland Trail Blazers,POR,116,False
0022500039,2025-11-14,1610612752,New York Knicks,NYK,140,1610612748,Miami Heat,MIA,132,False
0022500043,2025-11-14,1610612749,Milwaukee Bucks,MIL,147,1610612766,Charlotte Hornets,CHA,134,False
0022500044,2025-11-14,1610612750,Minnesota Timberwolves,MIN,124,1610612758,Sacramento Kings,SAC,110,False
0022500040,2025-11-14,1610612753,Orlando Magic,ORL,105,1610612751,Brooklyn Nets,BKN,98,False
0022500041,2025-11-14,1610612765,Detroit Pistons,DET,114,1610612755,Philadelphia 76ers,PHI,105,False
0022500228,2025-11-15,1610612739,Cleveland Cavaliers,CLE,108,1610612763,Memphis Grizzlies,MEM,100,False
0022500232,2025-11-15,1610612750,Minnesota Timberwolves,MIN,112,1610612743,Denver Nuggets,DEN,123,False
0022500231,2025-11-15,1610612749,Milwaukee Bucks,MIL,95,1610612747,Los Angeles Lakers,LAL,119,False
0022500230,2025-11-15,1610612754,Indiana Pacers,IND,111,1610612761,Toronto Raptors,TOR,129,False
0022500229,2025-11-15,1610612766,Charlotte Hornets,CHA,96,1610612760,Oklahoma City Thunder,OKC,109,False
0022500239,2025-11-16,1610612756,Phoenix Suns,PHX,122,1610612737,Atlanta Hawks,ATL,124,False
0022500233,2025-11-16,1610612738,Boston Celtics,BOS,121,1610612746,LA Clippers,LAC,118,False
0022500237,2025-11-16,1610612740,New Orleans Pelicans,NOP,106,1610612744,Golden State Warriors,GSW,124,False
0022500240,2025-11-16,1610612762,Utah Jazz,UTA,150,1610612741,Chicago Bulls,CHI,147,False
0022500238,2025-11-16,1610612742,Dallas Mavericks,DAL,138,1610612757,Portland Trail Blazers,POR,133,False
0022500236,2025-11-16,1610612745,Houston Rockets,HOU,117,1610612753,Orlando Magic,ORL,113,False
0022500235,2025-11-16,1610612764,Washington Wizards,WAS,106,1610612751,Brooklyn Nets,BKN,129,False
0022500234,2025-11-16,1610612759,San Antonio Spurs,SAS,123,1610612758,Sacramento Kings,SAC,110,False
0022500241,2025-11-17,1610612739,Cleveland Cavaliers,CLE,118,1610612749,Milwaukee Bucks,MIL,106,False
0022500247,2025-11-17,1610612740,New Orleans Pelicans,NOP,109,1610612760,Oklahoma City Thunder,OKC,126,False
0022500248,2025-11-17,1610612743,Denver Nuggets,DEN,127,1610612741,Chicago Bulls,CHI,130,False
0022500246,2025-11-17,1610612750,Minnesota Timberwolves,MIN,120,1610612742,Dallas Mavericks,DAL,96,False
0022500243,2025-11-17,1610612755,Philadelphia 76ers,PHI,110,1610612746,LA Clippers,LAC,108,False
0022500244,2025-11-17,1610612748,Miami Heat,MIA,115,1610612752,New York Knicks,NYK,113,False
0022500242,2025-11-17,1610612765,Detroit Pistons,DET,127,1610612754,Indiana Pacers,IND,112,False
0022500245,2025-11-17,1610612761,Toronto Raptors,TOR,110,1610612766,Charlotte Hornets,CHA,108,False
0022500251,2025-11-18,1610612737,Atlanta Hawks,ATL,112,1610612765,Detroit Pistons,DET,120,False
0022500250,2025-11-18,1610612751,Brooklyn Nets,BKN,99,1610612738,Boston Celtics,BOS,113,False
0022500249,2025-11-18,1610612753,Orlando Magic,ORL,121,1610612744,Golden State Warriors,GSW,113,False
0022500253,2025-11-18,1610612747,Los Angeles Lakers,LAL,140,1610612762,Utah Jazz,UTA,126,False
0022500254,2025-11-18,1610612757,Portland Trail Blazers,POR,110,1610612756,Phoenix Suns,PHX,127,False
0022500252,2025-11-18,1610612759,San Antonio Spurs,SAS,111,1610612763,Memphis Grizzlies,MEM,101,False
0022500255,2025-11-19,1610612739,Cleveland Cavaliers,CLE,104,1610612745,Houston Rockets,HOU,114,False
0022500260,2025-11-19,1610612740,New Orleans Pelicans,NOP,118,1610612743,Denver Nuggets,DEN,125,False
0022500263,2025-11-19,1610612757,Portland Trail Blazers,POR,121,1610612741,Chicago Bulls,CHI,122,False
0022500262,2025-11-19,1610612742,Dallas Mavericks,DAL,111,1610612752,New York Knicks,NYK,113,False
0022500257,2025-11-19,1610612748,Miami Heat,MIA,110,1610612744,Golden State Warriors,GSW,96,False
0022500259,2025-11-19,1610612750,Minnesota Timberwolves,MIN,120,1610612764,Washington Wizards,WAS,109,False
0022500256,2025-11-19,1610612754,Indiana Pacers,IND,127,1610612766,Charlotte Hornets,CHA,118,False
0022500258,2025-11-19,1610612755,Philadelphia 76ers,PHI,112,1610612761,Toronto Raptors,TOR,121,False
0022500261,2025-11-19,1610612760,Oklahoma City Thunder,OKC,113,1610612758,Sacramento Kings,SAC,99,False
0022500267,2025-11-20,1610612759,San Antonio Spurs,SAS,135,1610612737,Atlanta Hawks,ATL,126,False
0022500264,2025-11-20,1610612753,Orlando Magic,ORL,129,1610612746,LA Clippers,LAC,101,False
0022500266,2025-11-20,1610612749,Milwaukee Bucks,MIL,114,1610612755,Philadelphia 76ers,PHI,123,False
0022500265,2025-11-20,1610612763,Memphis Grizzlies,MEM,137,1610612758,Sacramento Kings,SAC,96,False
0022500049,2025-11-21,1610612738,Boston Celtics,BOS,105,1610612751,Brooklyn Nets,BKN,113,False
0022500048,2025-11-21,1610612739,Cleveland Cavaliers,CLE,120,1610612754,Indiana Pacers,IND,109,False
0022500052,2025-11-21,1610612742,Dallas Mavericks,DAL,118,1610612740,New Orleans Pelicans,NOP,115,False
0022500051,2025-11-21,1610612741,Chicago Bulls,CHI,107,1610612748,Miami Heat,MIA,143,False
0022500054,2025-11-21,1610612745,Houston Rockets,HOU,109,1610612743,Denver Nuggets,DEN,112,False
0022500056,2025-11-21,1610612744,Golden State Warriors,GSW,123,1610612757,Portland Trail Blazers,POR,127,False
0022500053,2025-11-21,1610612756,Phoenix Suns,PHX,114,1610612750,Minnesota Timberwolves,MIN,113,False
0022500055,2025-11-21,1610612762,Utah Jazz,UTA,112,1610612760,Oklahoma City Thunder,OKC,144,False
0022500050,2025-11-21,1610612761,Toronto Raptors,TOR,140,1610612764,Washington Wizards,WAS,110,False
0022500270,2025-11-22,1610612740,New Orleans Pelicans,NOP,98,1610612737,Atlanta Hawks,ATL,115,False
0022500271,2025-11-22,1610612741,Chicago Bulls,CHI,121,1610612764,Washington Wizards,WAS,120,False
0022500273,2025-11-22,1610612742,Dallas Mavericks,DAL,96,1610612763,Memphis Grizzlies,MEM,102,False
0022500274,2025-11-22,1610612743,Denver Nuggets,DEN,123,1610612758,Sacramento Kings,SAC,128,False
0022500268,2025-11-22,1610612766,Charlotte Hornets,CHA,116,1610612746,LA Clippers,LAC,131,False
0022500272,2025-11-22,1610612749,Milwaukee Bucks,MIL,116,1610612765,Detroit Pistons,DET,129,False
0022500269,2025-11-22,1610612753,Orlando Magic,ORL,133,1610612752,New York Knicks,NYK,121,False
0022500276,2025-11-23,1610612737,Atlanta Hawks,ATL,113,1610612766,Charlotte Hornets,CHA,110,False
0022500277,2025-11-23,1610612738,Boston Celtics,BOS,138,1610612753,Orlando Magic,ORL,129,False
0022500278,2025-11-23,1610612739,Cleveland Cavaliers,CLE,120,1610612746,LA Clippers,LAC,105,False
0022500282,2025-11-23,1610612762,Utah Jazz,UTA,106,1610612747,Los Angeles Lakers,LAL,108,False
0022500275,2025-11-23,1610612755,Philadelphia 76ers,PHI,117,1610612748,Miami Heat,MIA,127,False
0022500279,2025-11-23,1610612761,Toronto Raptors,TOR,119,1610612751,Brooklyn Nets,BKN,109,False
0022500281,2025-11-23,1610612756,Phoenix Suns,PHX,111,1610612759,San Antonio Spurs,SAS,102,False
0022500280,2025-11-23,1610612760,Oklahoma City Thunder,OKC,122,1610612757,Portland Trail Blazers,POR,95,False
0022500284,2025-11-24,1610612761,Toronto Raptors,TOR,110,1610612739,Cleveland Cavaliers,CLE,99,False
0022500289,2025-11-24,1610612740,New Orleans Pelicans,NOP,143,1610612741,Chicago Bulls,CHI,130,False
0022500286,2025-11-24,1610612748,Miami Heat,MIA,106,1610612742,Dallas Mavericks,DAL,102,False
0022500287,2025-11-24,1610612763,Memphis Grizzlies,MEM,115,1610612743,Denver Nuggets,DEN,125,False
0022500291,2025-11-24,1610612744,Golden State Warriors,GSW,134,1610612762,Utah Jazz,UTA,117,False
0022500290,2025-11-24,1610612756,Phoenix Suns,PHX,92,1610612745,Houston Rockets,HOU,114,False
0022500288,2025-11-24,1610612749,Milwaukee Bucks,MIL,103,1610612757,Portland Trail Blazers,POR,115,False
0022500292,2025-11-24,1610612758,Sacramento Kings,SAC,117,1610612750,Minnesota Timberwolves,MIN,112,False
0022500285,2025-11-24,1610612751,Brooklyn Nets,BKN,100,1610612752,New York Knicks,NYK,113,False
0022500283,2025-11-24,1610612754,Indiana Pacers,IND,117,1610612765,Detroit Pistons,DET,122,False
0022500057,2025-11-25,1610612764,Washington Wizards,WAS,132,1610612737,Atlanta Hawks,ATL,113,False
0022500059,2025-11-25,1610612747,Los Angeles Lakers,LAL,135,1610612746,LA Clippers,LAC,118,False
0022500058,2025-11-25,1610612755,Philadelphia 76ers,PHI,103,1610612753,Orlando Magic,ORL,144,False
0022500060,2025-11-26,1610612738,Boston Celtics,BOS,117,1610612765,Detroit Pistons,DET,114,False
0022500065,2025-11-26,1610612740,New Orleans Pelicans,NOP,128,1610612763,Memphis Grizzlies,MEM,133,False
0022500066,2025-11-26,1610612744,Golden State Warriors,GSW,100,1610612745,Houston Rockets,HOU,104,False
0022500062,2025-11-26,1610612748,Miami Heat,MIA,106,1610612749,Milwaukee Bucks,MIL,103,False
0022500064,2025-11-26,1610612760,Oklahoma City Thunder,OKC,113,1610612750,Minnesota Timberwolves,MIN,105,False
0022500061,2025-11-26,1610612766,Charlotte Hornets,CHA,101,1610612752,New York Knicks,NYK,129,False
0022500063,2025-11-26,1610612761,Toronto Raptors,TOR,97,1610612754,Indiana Pacers,IND,95,False
0022500068,2025-11-26,1610612758,Sacramento Kings,SAC,100,1610612756,Phoenix Suns,PHX,112,False
0022500067,2025-11-26,1610612757,Portland Trail Blazers,POR,102,1610612759,San Antonio Spurs,SAS,115,False
0022500069,2025-11-28,1610612737,Atlanta Hawks,ATL,130,1610612739,Cleveland Cavaliers,CLE,123,False
0022500071,2025-11-28,1610612766,Charlotte Hornets,CHA,123,1610612741,Chicago Bulls,CHI,116,False
0022500078,2025-11-28,1610612747,Los Angeles Lakers,LAL,129,1610612742,Dallas Mavericks,DAL,119,False
0022500076,2025-11-28,1610612743,Denver Nuggets,DEN,136,1610612759,San Antonio Spurs,SAS,139,False
0022500079,2025-11-28,1610612746,LA Clippers,LAC,107,1610612763,Memphis Grizzlies,MEM,112,False
0022500074,2025-11-28,1610612752,New York Knicks,NYK,118,1610612749,Milwaukee Bucks,MIL,109,False
0022500070,2025-11-28,1610612751,Brooklyn Nets,BKN,103,1610612755,Philadelphia 76ers,PHI,115,False
0022500072,2025-11-28,1610612765,Detroit Pistons,DET,109,1610612753,Orlando Magic,ORL,112,False
0022500073,2025-11-28,1610612754,Indiana Pacers,IND,119,1610612764,Washington Wizards,WAS,86,False
0022500075,2025-11-28,1610612760,Oklahoma City Thunder,OKC,123,1610612756,Phoenix Suns,PHX,119,False
0022500077,2025-11-28,1610612762,Utah Jazz,UTA,128,1610612758,Sacramento Kings,SAC,119,False
0022500293,2025-11-29,1610612750,Minnesota Timberwolves,MIN,119,1610612738,Boston Celtics,BOS,115,False
0022500298,2025-11-29,1610612744,Golden State Warriors,GSW,104,1610612740,New Orleans Pelicans,NOP,96,False
0022500295,2025-11-29,1610612754,Indiana Pacers,IND,103,1610612741,Chicago Bulls,CHI,101,False
0022500300,2025-11-29,1610612746,LA Clippers,LAC,110,1610612742,Dallas Mavericks,DAL,114,False
0022500299,2025-11-29,1610612756,Phoenix Suns,PHX,112,1610612743,Denver Nuggets,DEN,130,False
0022500296,2025-11-29,1610612748,Miami Heat,MIA,135,1610612765,Detroit Pistons,DET,138,False
0022500297,2025-11-29,1610612749,Milwaukee Bucks,MIL,116,1610612751,Brooklyn Nets,BKN,99,False
0022500294,2025-11-29,1610612766,Charlotte Hornets,CHA,118,1610612761,Toronto Raptors,TOR,111,False
0022500304,2025-11-30,1610612755,Philadelphia 76ers,PHI,134,1610612737,Atlanta Hawks,ATL,142,False
0022500302,2025-11-30,1610612739,Cleveland Cavaliers,CLE,115,1610612738,Boston Celtics,BOS,117,False
0022500308,2025-11-30,1610612747,Los Angeles Lakers,LAL,133,1610612740,New Orleans Pelicans,NOP,121,False
0022500301,2025-11-30,1610612762,Utah Jazz,UTA,101,1610612745,Houston Rockets,HOU,129,False
0022500306,2025-11-30,1610612750,Minnesota Timberwolves,MIN,125,1610612759,San Antonio Spurs,SAS,112,False
0022500303,2025-11-30,1610612752,New York Knicks,NYK,116,1610612761,Toronto Raptors,TOR,94,False
0022500305,2025-11-30,1610612757,Portland Trail Blazers,POR,115,1610612760,Oklahoma City Thunder,OKC,123,False
0022500307,2025-11-30,1610612758,Sacramento Kings,SAC,107,1610612763,Memphis Grizzlies,MEM,115,False
0022500309,2025-12-01,1610612765,Detroit Pistons,DET,99,1610612737,Atlanta Hawks,ATL,98,False
0022500310,2025-12-01,1610612754,Indiana Pacers,IND,119,1610612739,Cleveland Cavaliers,CLE,135,False
0022500314,2025-12-01,1610612753,Orlando Magic,ORL,125,1610612741,Chicago Bulls,CHI,120,False
0022500315,2025-12-01,1610612743,Denver Nuggets,DEN,121,1610612742,Dallas Mavericks,DAL,131,False
0022500316,2025-12-01,1610612762,Utah Jazz,UTA,133,1610612745,Houston Rockets,HOU,125,False
0022500313,2025-12-01,1610612748,Miami Heat,MIA,140,1610612746,LA Clippers,LAC,123,False
0022500317,2025-12-01,1610612747,Los Angeles Lakers,LAL,108,1610612756,Phoenix Suns,PHX,125,False
0022500311,2025-12-01,1610612764,Washington Wizards,WAS,129,1610612749,Milwaukee Bucks,MIL,126,False
0022500312,2025-12-01,1610612751,Brooklyn Nets,BKN,116,1610612766,Charlotte Hornets,CHA,103,False
0022500320,2025-12-02,1610612738,Boston Celtics,BOS,123,1610612752,New York Knicks,NYK,117,False
0022500321,2025-12-02,1610612740,New Orleans Pelicans,NOP,142,1610612750,Minnesota Timberwolves,MIN,149,False
0022500323,2025-12-02,1610612744,Golden State Warriors,GSW,112,1610612760,Oklahoma City Thunder,OKC,124,False
0022500318,2025-12-02,1610612755,Philadelphia 76ers,PHI,121,1610612764,Washington Wizards,WAS,102,False
0022500319,2025-12-02,1610612761,Toronto Raptors,TOR,121,1610612757,Portland Trail Blazers,POR,118,False
0022500322,2025-12-02,1610612759,San Antonio Spurs,SAS,126,1610612763,Memphis Grizzlies,MEM,119,False
0022500327,2025-12-03,1610612737,Atlanta Hawks,ATL,92,1610612746,LA Clippers,LAC,115,False
0022500324,2025-12-03,1610612739,Cleveland Cavaliers,CLE,110,1610612757,Portland Trail Blazers,POR,122,False
0022500329,2025-12-03,1610612741,Chicago Bulls,CHI,103,1610612751,Brooklyn Nets,BKN,113,False
0022500332,2025-12-03,1610612742,Dallas Mavericks,DAL,118,1610612748,Miami Heat,MIA,108,False
0022500325,2025-12-03,1610612754,Indiana Pacers,IND,120,1610612743,Denver Nuggets,DEN,135,False
0022500330,2025-12-03,1610612745,Houston Rockets,HOU,121,1610612758,Sacramento Kings,SAC,95,False
0022500331,2025-12-03,1610612749,Milwaukee Bucks,MIL,113,1610612765,Detroit Pistons,DET,109,False
0022500328,2025-12-03,1610612752,New York Knicks,NYK,119,1610612766,Charlotte Hornets,CHA,104,False
0022500326,2025-12-03,1610612753,Orlando Magic,ORL,112,1610612759,San Antonio Spurs,SAS,114,False
0022500334,2025-12-04,1610612764,Washington Wizards,WAS,101,1610612738,Boston Celtics,BOS,146,False
0022500337,2025-12-04,1610612740,New Orleans Pelicans,NOP,116,1610612750,Minnesota Timberwolves,MIN,125,False
0022500333,2025-12-04,1610612755,Philadelphia 76ers,PHI,99,1610612744,Golden State Warriors,GSW,98,False
0022500336,2025-12-04,1610612761,Toronto Raptors,TOR,120,1610612747,Los Angeles Lakers,LAL,123,False
0022500335,2025-12-04,1610612751,Brooklyn Nets,BKN,110,1610612762,Utah Jazz,UTA,123,False
0022500340,2025-12-05,1610612737,Atlanta Hawks,ATL,133,1610612743,Denver Nuggets,DEN,134,False
0022500338,2025-12-05,1610612738,Boston Celtics,BOS,126,1610612747,Los Angeles Lakers,LAL,105,False
0022500341,2025-12-05,1610612739,Cleveland Cavaliers,CLE,130,1610612759,San Antonio Spurs,SAS,117,False
0022500345,2025-12-05,1610612741,Chicago Bulls,CHI,105,1610612754,Indiana Pacers,IND,120,False
0022500349,2025-12-05,1610612760,Oklahoma City Thunder,OKC,132,1610612742,Dallas Mavericks,DAL,111,False
0022500346,2025-12-05,1610612745,Houston Rockets,HOU,117,1610612756,Phoenix Suns,PHX,98,False
0022500347,2025-12-05,1610612763,Memphis Grizzlies,MEM,107,1610612746,LA Clippers,LAC,98,False
0022500339,2025-12-05,1610612753,Orlando Magic,ORL,106,1610612748,Miami Heat,MIA,105,False
0022500348,2025-12-05,1610612749,Milwaukee Bucks,MIL,101,1610612755,Philadelphia 76ers,PHI,116,False
0022500343,2025-12-05,1610612752,New York Knicks,NYK,146,1610612762,Utah Jazz,UTA,112,False
0022500342,2025-12-05,1610612765,Detroit Pistons,DET,122,1610612757,Portland Trail Blazers,POR,116,False
0022500344,2025-12-05,1610612761,Toronto Raptors,TOR,86,1610612766,Charlotte Hornets,CHA,111,False
0022500351,2025-12-06,1610612764,Washington Wizards,WAS,116,1610612737,Atlanta Hawks,ATL,131,False
0022500352,2025-12-06,1610612739,Cleveland Cavaliers,CLE,94,1610612744,Golden State Warriors,GSW,99,False
0022500350,2025-12-06,1610612751,Brooklyn Nets,BKN,119,1610612740,New Orleans Pelicans,NOP,101,False
0022500356,2025-12-06,1610612742,Dallas Mavericks,DAL,122,1610612745,Houston Rockets,HOU,109,False
0022500355,2025-12-06,1610612750,Minnesota Timberwolves,MIN,109,1610612746,LA Clippers,LAC,106,False
0022500354,2025-12-06,1610612748,Miami Heat,MIA,111,1610612758,Sacramento Kings,SAC,127,False
0022500353,2025-12-06,1610612765,Detroit Pistons,DET,124,1610612749,Milwaukee Bucks,MIL,112,False
0022500358,2025-12-07,1610612761,Toronto Raptors,TOR,113,1610612738,Boston Celtics,BOS,121,False
0022500361,2025-12-07,1610612741,Chicago Bulls,CHI,91,1610612744,Golden State Warriors,GSW,123,False
0022500359,2025-12-07,1610612766,Charlotte Hornets,CHA,106,1610612743,Denver Nuggets,DEN,115,False
0022500362,2025-12-07,1610612755,Philadelphia 76ers,PHI,108,1610612747,Los Angeles Lakers,LAL,112,False
0022500357,2025-12-07,1610612752,New York Knicks,NYK,106,1610612753,Orlando Magic,ORL,100,False
0022500360,2025-12-07,1610612763,Memphis Grizzlies,MEM,119,1610612757,Portland Trail Blazers,POR,96,False
0022500363,2025-12-07,1610612762,Utah Jazz,UTA,101,1610612760,Oklahoma City Thunder,OKC,131,False
0022500366,2025-12-08,1610612740,New Orleans Pelicans,NOP,132,1610612759,San Antonio Spurs,SAS,135,False
0022500365,2025-12-08,1610612750,Minnesota Timberwolves,MIN,105,1610612756,Phoenix Suns,PHX,108,False
0022500364,2025-12-08,1610612754,Indiana Pacers,IND,116,1610612758,Sacramento Kings,SAC,105,False
0022501201,2025-12-09,1610612753,Orlando Magic,ORL,117,1610612748,Miami Heat,MIA,108,False
0022501202,2025-12-09,1610612761,Toronto Raptors,TOR,101,1610612752,New York Knicks,NYK,117,False
0022501204,2025-12-10,1610612747,Los Angeles Lakers,LAL,119,1610612759,San Antonio Spurs,SAS,132,False
0022501203,2025-12-10,1610612760,Oklahoma City Thunder,OKC,138,1610612756,Phoenix Suns,PHX,89,False
0022501206,2025-12-11,1610612749,Milwaukee Bucks,MIL,116,1610612738,Boston Celtics,BOS,101,False
0022501207,2025-12-11,1610612740,New Orleans Pelicans,NOP,143,1610612757,Portland Trail Blazers,POR,120,False
0022501208,2025-12-11,1610612758,Sacramento Kings,SAC,105,1610612743,Denver Nuggets,DEN,136,False
0022501205,2025-12-11,1610612745,Houston Rockets,HOU,115,1610612746,LA Clippers,LAC,113,False
0022501210,2025-12-12,1610612765,Detroit Pistons,DET,142,1610612737,Atlanta Hawks,ATL,115,False
0022501212,2025-12-12,1610612764,Washington Wizards,WAS,126,1610612739,Cleveland Cavaliers,CLE,130,False
0022501209,2025-12-12,1610612766,Charlotte Hornets,CHA,126,1610612741,Chicago Bulls,CHI,129,False
0022501214,2025-12-12,1610612742,Dallas Mavericks,DAL,119,1610612751,Brooklyn Nets,BKN,111,False
0022501215,2025-12-12,1610612744,Golden State Warriors,GSW,120,1610612750,Minnesota Timberwolves,MIN,127,False
0022501211,2025-12-12,1610612755,Philadelphia 76ers,PHI,115,1610612754,Indiana Pacers,IND,105,False
0022501213,2025-12-12,1610612763,Memphis Grizzlies,MEM,126,1610612762,Utah Jazz,UTA,130,False
0022501229,2025-12-13,1610612752,New York Knicks,NYK,132,1610612753,Orlando Magic,ORL,120,True
0022501230,2025-12-13,1610612759,San Antonio Spurs,SAS,111,1610612760,Oklahoma City Thunder,OKC,109,True
0022501217,2025-12-14,1610612737,Atlanta Hawks,ATL,120,1610612755,Philadelphia 76ers,PHI,117,False
0022501218,2025-12-14,1610612739,Cleveland Cavaliers,CLE,111,1610612766,Charlotte Hornets,CHA,119,False
0022501223,2025-12-14,1610612741,Chicago Bulls,CHI,104,1610612740,New Orleans Pelicans,NOP,114,False
0022501221,2025-12-14,1610612757,Portland Trail Blazers,POR,136,1610612744,Golden State Warriors,GSW,131,False
0022501228,2025-12-14,1610612756,Phoenix Suns,PHX,114,1610612747,Los Angeles Lakers,LAL,116,False
0022501219,2025-12-14,1610612751,Brooklyn Nets,BKN,127,1610612749,Milwaukee Bucks,MIL,82,False
0022501220,2025-12-14,1610612750,Minnesota Timberwolves,MIN,117,1610612758,Sacramento Kings,SAC,103,False
0022501216,2025-12-14,1610612754,Indiana Pacers,IND,89,1610612764,Washington Wizards,WAS,108,False
0022501222,2025-12-15,1610612738,Boston Celtics,BOS,105,1610612765,Detroit Pistons,DET,112,False
0022501224,2025-12-15,1610612762,Utah Jazz,UTA,140,1610612742,Dallas Mavericks,DAL,133,False
0022501225,2025-12-15,1610612743,Denver Nuggets,DEN,128,1610612745,Houston Rockets,HOU,125,False
0022501226,2025-12-15,1610612746,LA Clippers,LAC,103,1610612763,Memphis Grizzlies,MEM,121,False
0022501227,2025-12-15,1610612748,Miami Heat,MIA,96,1610612761,Toronto Raptors,TOR,106,False
0022500367,2025-12-17,1610612741,Chicago Bulls,CHI,127,1610612739,Cleveland Cavaliers,CLE,111,False
0022500368,2025-12-17,1610612750,Minnesota Timberwolves,MIN,110,1610612763,Memphis Grizzlies,MEM,116,False
0022500371,2025-12-18,1610612766,Charlotte Hornets,CHA,133,1610612737,Atlanta Hawks,ATL,126,False
0022500375,2025-12-18,1610612740,New Orleans Pelicans,NOP,133,1610612745,Houston Rockets,HOU,128,False
0022500376,2025-12-18,1610612742,Dallas Mavericks,DAL,116,1610612765,Detroit Pistons,DET,114,False
0022500377,2025-12-18,1610612743,Denver Nuggets,DEN,126,1610612753,Orlando Magic,ORL,115,False
0022500378,2025-12-18,1610612756,Phoenix Suns,PHX,99,1610612744,Golden State Warriors,GSW,98,False
0022500369,2025-12-18,1610612760,Oklahoma City Thunder,OKC,122,1610612746,LA Clippers,LAC,101,False
0022500379,2025-12-18,1610612762,Utah Jazz,UTA,135,1610612747,Los Angeles Lakers,LAL,143,False
0022500373,2025-12-18,1610612751,Brooklyn Nets,BKN,95,1610612748,Miami Heat,MIA,106,False
0022500374,2025-12-18,1610612749,Milwaukee Bucks,MIL,105,1610612761,Toronto Raptors,TOR,111,False
0022500372,2025-12-18,1610612754,Indiana Pacers,IND,113,1610612752,New York Knicks,NYK,114,False
0022500380,2025-12-18,1610612757,Portland Trail Blazers,POR,134,1610612758,Sacramento Kings,SAC,133,False
0022500370,2025-12-18,1610612759,San Antonio Spurs,SAS,119,1610612764,Washington Wizards,WAS,94,False
0022500383,2025-12-19,1610612737,Atlanta Hawks,ATL,98,1610612759,San Antonio Spurs,SAS,126,False
0022500381,2025-12-19,1610612738,Boston Celtics,BOS,129,1610612748,Miami Heat,MIA,116,False
0022500384,2025-12-19,1610612739,Cleveland Cavaliers,CLE,125,1610612741,Chicago Bulls,CHI,136,False
0022500385,2025-12-19,1610612750,Minnesota Timberwolves,MIN,112,1610612760,Oklahoma City Thunder,OKC,107,False
0022500382,2025-12-19,1610612752,New York Knicks,NYK,107,1610612755,Philadelphia 76ers,PHI,116,False
0022500388,2025-12-20,1610612761,Toronto Raptors,TOR,96,1610612738,Boston Celtics,BOS,112,False
0022500389,2025-12-20,1610612740,New Orleans Pelicans,NOP,128,1610612754,Indiana Pacers,IND,109,False
0022500387,2025-12-20,1610612755,Philadelphia 76ers,PHI,121,1610612742,Dallas Mavericks,DAL,114,False
0022500386,2025-12-20,1610612743,Denver Nuggets,DEN,101,1610612745,Houston Rockets,HOU,115,False
0022500392,2025-12-20,1610612744,Golden State Warriors,GSW,119,1610612756,Phoenix Suns,PHX,116,False
0022500395,2025-12-20,1610612746,LA Clippers,LAC,103,1610612747,Los Angeles Lakers,LAL,88,False
0022500393,2025-12-20,1610612762,Utah Jazz,UTA,127,1610612753,Orlando Magic,ORL,128,False
0022500394,2025-12-20,1610612758,Sacramento Kings,SAC,93,1610612757,Portland Trail Blazers,POR,98,False
0022500391,2025-12-20,1610612763,Memphis Grizzlies,MEM,122,1610612764,Washington Wizards,WAS,130,False
0022500390,2025-12-20,1610612765,Detroit Pistons,DET,112,1610612766,Charlotte Hornets,CHA,86,False
0022500396,2025-12-21,1610612737,Atlanta Hawks,ATL,150,1610612741,Chicago Bulls,CHI,152,False
0022500401,2025-12-21,1610612758,Sacramento Kings,SAC,125,1610612745,Houston Rockets,HOU,124,False
0022500398,2025-12-21,1610612752,New York Knicks,NYK,132,1610612748,Miami Heat,MIA,125,False
0022500400,2025-12-21,1610612750,Minnesota Timberwolves,MIN,103,1610612749,Milwaukee Bucks,MIL,100,False
0022500397,2025-12-21,1610612751,Brooklyn Nets,BKN,96,1610612761,Toronto Raptors,TOR,81,False
0022500399,2025-12-21,1610612764,Washington Wizards,WAS,113,1610612759,San Antonio Spurs,SAS,124,False
0022500403,2025-12-22,1610612738,Boston Celtics,BOS,103,1610612754,Indiana Pacers,IND,95,False
0022500402,2025-12-22,1610612739,Cleveland Cavaliers,CLE,139,1610612766,Charlotte Hornets,CHA,132,False
0022500404,2025-12-22,1610612740,New Orleans Pelicans,NOP,119,1610612742,Dallas Mavericks,DAL,113,False
0022500405,2025-12-22,1610612743,Denver Nuggets,DEN,135,1610612762,Utah Jazz,UTA,112,False
0022500407,2025-12-22,1610612744,Golden State Warriors,GSW,120,1610612753,Orlando Magic,ORL,97,False
0022500408,2025-12-22,1610612757,Portland Trail Blazers,POR,102,1610612765,Detroit Pistons,DET,110,False
0022500406,2025-12-22,1610612760,Oklahoma City Thunder,OKC,119,1610612763,Memphis Grizzlies,MEM,103,False
0022500411,2025-12-23,1610612737,Atlanta Hawks,ATL,123,1610612741,Chicago Bulls,CHI,126,False
0022500412,2025-12-23,1610612739,Cleveland Cavaliers,CLE,141,1610612740,New Orleans Pelicans,NOP,118,False
0022500415,2025-12-23,1610612742,Dallas Mavericks,DAL,131,1610612743,Denver Nuggets,DEN,130,False
0022500422,2025-12-23,1610612746,LA Clippers,LAC,128,1610612745,Houston Rockets,HOU,108,False
0022500418,2025-12-23,1610612756,Phoenix Suns,PHX,132,1610612747,Los Angeles Lakers,LAL,108,False
0022500414,2025-12-23,1610612748,Miami Heat,MIA,91,1610612761,Toronto Raptors,TOR,112,False
0022500413,2025-12-23,1610612754,Indiana Pacers,IND,94,1610612749,Milwaukee Bucks,MIL,111,False
0022500416,2025-12-23,1610612750,Minnesota Timberwolves,MIN,115,1610612752,New York Knicks,NYK,104,False
0022500410,2025-12-23,1610612755,Philadelphia 76ers,PHI,106,1610612751,Brooklyn Nets,BKN,114,False
0022500420,2025-12-23,1610612757,Portland Trail Blazers,POR,106,1610612753,Orlando Magic,ORL,110,False
0022500421,2025-12-23,1610612758,Sacramento Kings,SAC,127,1610612765,Detroit Pistons,DET,136,False
0022500417,2025-12-23,1610612759,San Antonio Spurs,SAS,130,1610612760,Oklahoma City Thunder,OKC,110,False
0022500419,2025-12-23,1610612762,Utah Jazz,UTA,128,1610612763,Memphis Grizzlies,MEM,137,False
0022500409,2025-12-23,1610612766,Charlotte Hornets,CHA,126,1610612764,Washington Wizards,WAS,109,False
0022500009,2025-12-25,1610612752,New York Knicks,NYK,126,1610612739,Cleveland Cavaliers,CLE,124,False
0022500011,2025-12-25,1610612744,Golden State Warriors,GSW,126,1610612742,Dallas Mavericks,DAL,116,False
0022500013,2025-12-25,1610612743,Denver Nuggets,DEN,142,1610612750,Minnesota Timberwolves,MIN,138,False
0022500012,2025-12-25,1610612747,Los Angeles Lakers,LAL,96,1610612745,Houston Rockets,HOU,119,False
0022500010,2025-12-25,1610612760,Oklahoma City Thunder,OKC,102,1610612759,San Antonio Spurs,SAS,117,False
0022500423,2025-12-26,1610612737,Atlanta Hawks,ATL,111,1610612748,Miami Heat,MIA,126,False
0022500426,2025-12-26,1610612754,Indiana Pacers,IND,122,1610612738,Boston Celtics,BOS,140,False
0022500429,2025-12-26,1610612740,New Orleans Pelicans,NOP,108,1610612756,Phoenix Suns,PHX,115,False
0022500427,2025-12-26,1610612741,Chicago Bulls,CHI,109,1610612755,Philadelphia 76ers,PHI,102,False
0022500431,2025-12-26,1610612757,Portland Trail Blazers,POR,103,1610612746,LA Clippers,LAC,119,False
0022500428,2025-12-26,1610612763,Memphis Grizzlies,MEM,125,1610612749,Milwaukee Bucks,MIL,104,False
0022500424,2025-12-26,1610612753,Orlando Magic,ORL,105,1610612766,Charlotte Hornets,CHA,120,False
0022500425,2025-12-26,1610612764,Washington Wizards,WAS,138,1610612761,Toronto Raptors,TOR,117,False
0022500430,2025-12-26,1610612762,Utah Jazz,UTA,131,1610612765,Detroit Pistons,DET,129,False
0022500435,2025-12-27,1610612737,Atlanta Hawks,ATL,125,1610612752,New York Knicks,NYK,128,False
0022500438,2025-12-27,1610612745,Houston Rockets,HOU,117,1610612739,Cleveland Cavaliers,CLE,100,False
0022500434,2025-12-27,1610612740,New Orleans Pelicans,NOP,114,1610612756,Phoenix Suns,PHX,123,False
0022500437,2025-12-27,1610612741,Chicago Bulls,CHI,103,1610612749,Milwaukee Bucks,MIL,112,False
0022500432,2025-12-27,1610612758,Sacramento Kings,SAC,113,1610612742,Dallas Mavericks,DAL,107,False
0022500433,2025-12-27,1610612753,Orlando Magic,ORL,127,1610612743,Denver Nuggets,DEN,126,False
0022500436,2025-12-27,1610612748,Miami Heat,MIA,142,1610612754,Indiana Pacers,IND,116,False
0022500439,2025-12-27,1610612750,Minnesota Timberwolves,MIN,107,1610612751,Brooklyn Nets,BKN,123,False
0022500440,2025-12-27,1610612759,San Antonio Spurs,SAS,114,1610612762,Utah Jazz,UTA,127,False
0022500444,2025-12-28,1610612757,Portland Trail Blazers,POR,114,1610612738,Boston Celtics,BOS,108,False
0022500441,2025-12-28,1610612761,Toronto Raptors,TOR,141,1610612744,Golden State Warriors,GSW,127,False
0022500445,2025-12-28,1610612746,LA Clippers,LAC,112,1610612765,Detroit Pistons,DET,99,False
0022500446,2025-12-28,1610612747,Los Angeles Lakers,LAL,125,1610612758,Sacramento Kings,SAC,101,False
0022500442,2025-12-28,1610612760,Oklahoma City Thunder,OKC,129,1610612755,Philadelphia 76ers,PHI,104,False
0022500443,2025-12-28,1610612764,Washington Wizards,WAS,116,1610612763,Memphis Grizzlies,MEM,112,False
0022500455,2025-12-29,1610612760,Oklahoma City Thunder,OKC,140,1610612737,Atlanta Hawks,ATL,129,False
0022500456,2025-12-29,1610612759,San Antonio Spurs,SAS,101,1610612739,Cleveland Cavaliers,CLE,113,False
0022500454,2025-12-29,1610612740,New Orleans Pelicans,NOP,125,1610612752,New York Knicks,NYK,130,False
0022500452,2025-12-29,1610612741,Chicago Bulls,CHI,101,1610612750,Minnesota Timberwolves,MIN,136,False
0022500457,2025-12-29,1610612757,Portland Trail Blazers,POR,125,1610612742,Dallas Mavericks,DAL,122,False
0022500450,2025-12-29,1610612748,Miami Heat,MIA,147,1610612743,Denver Nuggets,DEN,123,False
0022500449,2025-12-29,1610612751,Brooklyn Nets,BKN,107,1610612744,Golden State Warriors,GSW,120,False
0022500453,2025-12-29,1610612745,Houston Rockets,HOU,126,1610612754,Indiana Pacers,IND,119,False
0022500447,2025-12-29,1610612766,Charlotte Hornets,CHA,113,1610612749,Milwaukee Bucks,MIL,123,False
0022500451,2025-12-29,1610612761,Toronto Raptors,TOR,107,1610612753,Orlando Magic,ORL,106,False
0022500448,2025-12-29,1610612764,Washington Wizards,WAS,101,1610612756,Phoenix Suns,PHX,115,False
0022500459,2025-12-30,1610612762,Utah Jazz,UTA,119,1610612738,Boston Celtics,BOS,129,False
0022500461,2025-12-30,1610612746,LA Clippers,LAC,131,1610612758,Sacramento Kings,SAC,90,False
0022500460,2025-12-30,1610612747,Los Angeles Lakers,LAL,106,1610612765,Detroit Pistons,DET,128,False
0022500458,2025-12-30,1610612763,Memphis Grizzlies,MEM,136,1610612755,Philadelphia 76ers,PHI,139,False
0022500463,2025-12-31,1610612737,Atlanta Hawks,ATL,126,1610612750,Minnesota Timberwolves,MIN,102,False
0022500465,2025-12-31,1610612739,Cleveland Cavaliers,CLE,129,1610612756,Phoenix Suns,PHX,113,False
0022500466,2025-12-31,1610612741,Chicago Bulls,CHI,134,1610612740,New Orleans Pelicans,NOP,118,False
0022500468,2025-12-31,1610612761,Toronto Raptors,TOR,103,1610612743,Denver Nuggets,DEN,106,False
0022500462,2025-12-31,1610612766,Charlotte Hornets,CHA,125,1610612744,Golden State Warriors,GSW,132,False
0022500469,2025-12-31,1610612749,Milwaukee Bucks,MIL,113,1610612764,Washington Wizards,WAS,114,False
0022500467,2025-12-31,1610612759,San Antonio Spurs,SAS,134,1610612752,New York Knicks,NYK,132,False
0022500464,2025-12-31,1610612754,Indiana Pacers,IND,110,1610612753,Orlando Magic,ORL,112,False
0022500470,2025-12-31,1610612760,Oklahoma City Thunder,OKC,124,1610612757,Portland Trail Blazers,POR,95,False
0022500474,2026-01-01,1610612758,Sacramento Kings,SAC,106,1610612738,Boston Celtics,BOS,120,False
0022500473,2026-01-01,1610612742,Dallas Mavericks,DAL,108,1610612755,Philadelphia 76ers,PHI,123,False
0022500471,2026-01-01,1610612751,Brooklyn Nets,BKN,96,1610612745,Houston Rockets,HOU,120,False
0022500475,2026-01-01,1610612746,LA Clippers,LAC,118,1610612762,Utah Jazz,UTA,101,False
0022500472,2026-01-01,1610612765,Detroit Pistons,DET,112,1610612748,Miami Heat,MIA,118,False
0022500479,2026-01-02,1610612752,New York Knicks,NYK,99,1610612737,Atlanta Hawks,ATL,111,False
0022500478,2026-01-02,1610612739,Cleveland Cavaliers,CLE,113,1610612743,Denver Nuggets,DEN,108,False
0022500482,2026-01-02,1610612740,New Orleans Pelicans,NOP,109,1610612757,Portland Trail Blazers,POR,122,False
0022500480,2026-01-02,1610612741,Chicago Bulls,CHI,121,1610612753,Orlando Magic,ORL,114,False
0022500484,2026-01-02,1610612744,Golden State Warriors,GSW,94,1610612760,Oklahoma City Thunder,OKC,131,False
0022500485,2026-01-02,1610612747,Los Angeles Lakers,LAL,128,1610612763,Memphis Grizzlies,MEM,121,False
0022500481,2026-01-02,1610612749,Milwaukee Bucks,MIL,122,1610612766,Charlotte Hornets,CHA,121,False
0022500477,2026-01-02,1610612764,Washington Wizards,WAS,119,1610612751,Brooklyn Nets,BKN,99,False
0022500476,2026-01-02,1610612754,Indiana Pacers,IND,113,1610612759,San Antonio Spurs,SAS,123,False
0022500483,2026-01-02,1610612756,Phoenix Suns,PHX,129,1610612758,Sacramento Kings,SAC,102,False
0022500488,2026-01-03,1610612761,Toronto Raptors,TOR,134,1610612737,Atlanta Hawks,ATL,117,False
0022500493,2026-01-03,1610612746,LA Clippers,LAC,115,1610612738,Boston Celtics,BOS,146,False
0022500489,2026-01-03,1610612741,Chicago Bulls,CHI,99,1610612766,Charlotte Hornets,CHA,112,False
0022500491,2026-01-03,1610612742,Dallas Mavericks,DAL,110,1610612745,Houston Rockets,HOU,104,False
0022500492,2026-01-03,1610612744,Golden State Warriors,GSW,123,1610612762,Utah Jazz,UTA,114,False
0022500486,2026-01-03,1610612748,Miami Heat,MIA,115,1610612750,Minnesota Timberwolves,MIN,125,False
0022500487,2026-01-03,1610612752,New York Knicks,NYK,119,1610612755,Philadelphia 76ers,PHI,130,False
0022500490,2026-01-03,1610612759,San Antonio Spurs,SAS,110,1610612757,Portland Trail Blazers,POR,115,False
0022500494,2026-01-04,1610612739,Cleveland Cavaliers,CLE,110,1610612765,Detroit Pistons,DET,114,False
0022500497,2026-01-04,1610612748,Miami Heat,MIA,125,1610612740,New Orleans Pelicans,NOP,106,False
0022500496,2026-01-04,1610612751,Brooklyn Nets,BKN,127,1610612743,Denver Nuggets,DEN,115,False
0022500501,2026-01-04,1610612747,Los Angeles Lakers,LAL,120,1610612763,Memphis Grizzlies,MEM,114,False
0022500500,2026-01-04,1610612758,Sacramento Kings,SAC,98,1610612749,Milwaukee Bucks,MIL,115,False
0022500498,2026-01-04,1610612764,Washington Wizards,WAS,115,1610612750,Minnesota Timberwolves,MIN,141,False
0022500495,2026-01-04,1610612753,Orlando Magic,ORL,135,1610612754,Indiana Pacers,IND,127,False
0022500499,2026-01-04,1610612756,Phoenix Suns,PHX,108,1610612760,Oklahoma City Thunder,OKC,105,False
0022500504,2026-01-05,1610612761,Toronto Raptors,TOR,118,1610612737,Atlanta Hawks,ATL,100,False
0022500503,2026-01-05,1610612738,Boston Celtics,BOS,115,1610612741,Chicago Bulls,CHI,101,False
0022500507,2026-01-05,1610612755,Philadelphia 76ers,PHI,124,1610612743,Denver Nuggets,DEN,125,False
0022500508,2026-01-05,1610612746,LA Clippers,LAC,103,1610612744,Golden State Warriors,GSW,102,False
0022500505,2026-01-05,1610612745,Houston Rockets,HOU,100,1610612756,Phoenix Suns,PHX,97,False
0022500502,2026-01-05,1610612765,Detroit Pistons,DET,121,1610612752,New York Knicks,NYK,90,False
0022500509,2026-01-05,1610612757,Portland Trail Blazers,POR,137,1610612762,Utah Jazz,UTA,117,False
0022500506,2026-01-05,1610612760,Oklahoma City Thunder,OKC,97,1610612766,Charlotte Hornets,CHA,124,False
0022500510,2026-01-06,1610612754,Indiana Pacers,IND,116,1610612739,Cleveland Cavaliers,CLE,120,False
0022500514,2026-01-06,1610612740,New Orleans Pelicans,NOP,103,1610612747,Los Angeles Lakers,LAL,111,False
0022500515,2026-01-06,1610612758,Sacramento Kings,SAC,98,1610612742,Dallas Mavericks,DAL,100,False
0022500513,2026-01-06,1610612750,Minnesota Timberwolves,MIN,122,1610612748,Miami Heat,MIA,94,False
0022500511,2026-01-06,1610612764,Washington Wizards,WAS,120,1610612753,Orlando Magic,ORL,112,False
0022500512,2026-01-06,1610612763,Memphis Grizzlies,MEM,106,1610612759,San Antonio Spurs,SAS,105,False
0022500519,2026-01-07,1610612737,Atlanta Hawks,ATL,117,1610612740,New Orleans Pelicans,NOP,100,False
0022500520,2026-01-07,1610612738,Boston Celtics,BOS,110,1610612743,Denver Nuggets,DEN,114,False
0022500517,2026-01-07,1610612765,Detroit Pistons,DET,108,1610612741,Chicago Bulls,CHI,93,False
0022500526,2026-01-07,1610612744,Golden State Warriors,GSW,120,1610612749,Milwaukee Bucks,MIL,113,False
0022500527,2026-01-07,1610612757,Portland Trail Blazers,POR,103,1610612745,Houston Rockets,HOU,102,False
0022500522,2026-01-07,1610612752,New York Knicks,NYK,123,1610612746,LA Clippers,LAC,111,False
0022500523,2026-01-07,1610612759,San Antonio Spurs,SAS,107,1610612747,Los Angeles Lakers,LAL,91,False
0022500521,2026-01-07,1610612751,Brooklyn Nets,BKN,103,1610612753,Orlando Magic,ORL,104,False
0022500518,2026-01-07,1610612755,Philadelphia 76ers,PHI,131,1610612764,Washington Wizards,WAS,110,False
0022500524,2026-01-07,1610612763,Memphis Grizzlies,MEM,98,1610612756,Phoenix Suns,PHX,117,False
0022500525,2026-01-07,1610612760,Oklahoma City Thunder,OKC,129,1610612762,Utah Jazz,UTA,125,False
0022500516,2026-01-07,1610612766,Charlotte Hornets,CHA,96,1610612761,Toronto Raptors,TOR,97,False
0022500530,2026-01-08,1610612750,Minnesota Timberwolves,MIN,131,1610612739,Cleveland Cavaliers,CLE,122,False
0022500531,2026-01-08,1610612762,Utah Jazz,UTA,116,1610612742,Dallas Mavericks,DAL,114,False
0022500528,2026-01-08,1610612766,Charlotte Hornets,CHA,112,1610612754,Indiana Pacers,IND,114,False
0022500537,2026-01-09,1610612743,Denver Nuggets,DEN,87,1610612737,Atlanta Hawks,ATL,110,False
0022500532,2026-01-09,1610612738,Boston Celtics,BOS,125,1610612761,Toronto Raptors,TOR,117,False
0022500534,2026-01-09,1610612764,Washington Wizards,WAS,107,1610612740,New Orleans Pelicans,NOP,128,False
0022500539,2026-01-09,1610612744,Golden State Warriors,GSW,137,1610612758,Sacramento Kings,SAC,103,False
0022500540,2026-01-09,1610612757,Portland Trail Blazers,POR,111,1610612745,Houston Rockets,HOU,105,False
0022500535,2026-01-09,1610612751,Brooklyn Nets,BKN,105,1610612746,LA Clippers,LAC,121,False
0022500541,2026-01-09,1610612747,Los Angeles Lakers,LAL,101,1610612749,Milwaukee Bucks,MIL,105,False
0022500538,2026-01-09,1610612756,Phoenix Suns,PHX,112,1610612752,New York Knicks,NYK,107,False
0022500533,2026-01-09,1610612753,Orlando Magic,ORL,91,1610612755,Philadelphia 76ers,PHI,103,False
0022500536,2026-01-09,1610612763,Memphis Grizzlies,MEM,116,1610612760,Oklahoma City Thunder,OKC,117,False
0022500545,2026-01-10,1610612738,Boston Celtics,BOS,95,1610612759,San Antonio Spurs,SAS,100,False
0022500542,2026-01-10,1610612739,Cleveland Cavaliers,CLE,146,1610612750,Minnesota Timberwolves,MIN,134,False
0022500546,2026-01-10,1610612741,Chicago Bulls,CHI,125,1610612742,Dallas Mavericks,DAL,107,False
0022500544,2026-01-10,1610612765,Detroit Pistons,DET,92,1610612746,LA Clippers,LAC,98,False
0022500543,2026-01-10,1610612754,Indiana Pacers,IND,123,1610612748,Miami Heat,MIA,99,False
0022500547,2026-01-10,1610612762,Utah Jazz,UTA,95,1610612766,Charlotte Hornets,CHA,150,False
0022500556,2026-01-11,1610612744,Golden State Warriors,GSW,111,1610612737,Atlanta Hawks,ATL,124,False
0022500548,2026-01-11,1610612753,Orlando Magic,ORL,128,1610612740,New Orleans Pelicans,NOP,118,False
0022500554,2026-01-11,1610612743,Denver Nuggets,DEN,108,1610612749,Milwaukee Bucks,MIL,104,False
0022500557,2026-01-11,1610612758,Sacramento Kings,SAC,111,1610612745,Houston Rockets,HOU,98,False
0022500553,2026-01-11,1610612760,Oklahoma City Thunder,OKC,124,1610612748,Miami Heat,MIA,112,False
0022500552,2026-01-11,1610612750,Minnesota Timberwolves,MIN,104,1610612759,San Antonio Spurs,SAS,103,False
0022500549,2026-01-11,1610612763,Memphis Grizzlies,MEM,103,1610612751,Brooklyn Nets,BKN,98,False
0022500551,2026-01-11,1610612757,Portland Trail Blazers,POR,114,1610612752,New York Knicks,NYK,123,False
0022500550,2026-01-11,1610612761,Toronto Raptors,TOR,116,1610612755,Philadelphia 76ers,PHI,115,False
0022500555,2026-01-11,1610612756,Phoenix Suns,PHX,112,1610612764,Washington Wizards,WAS,93,False
0022500559,2026-01-12,1610612754,Indiana Pacers,IND,98,1610612738,Boston Celtics,BOS,96,False
0022500558,2026-01-12,1610612739,Cleveland Cavaliers,CLE,112,1610612762,Utah Jazz,UTA,123,False
0022500561,2026-01-12,1610612742,Dallas Mavericks,DAL,113,1610612751,Brooklyn Nets,BKN,105,False
0022500563,2026-01-12,1610612746,LA Clippers,LAC,117,1610612766,Charlotte Hornets,CHA,109,False
0022500562,2026-01-12,1610612758,Sacramento Kings,SAC,124,1610612747,Los Angeles Lakers,LAL,112,False
0022500560,2026-01-12,1610612761,Toronto Raptors,TOR,102,1610612755,Philadelphia 76ers,PHI,115,False
0022500569,2026-01-13,1610612747,Los Angeles Lakers,LAL,141,1610612737,Atlanta Hawks,ATL,116,False
0022500567,2026-01-13,1610612740,New Orleans Pelicans,NOP,116,1610612743,Denver Nuggets,DEN,122,False
0022500565,2026-01-13,1610612745,Houston Rockets,HOU,119,1610612741,Chicago Bulls,CHI,113,False
0022500570,2026-01-13,1610612744,Golden State Warriors,GSW,119,1610612757,Portland Trail Blazers,POR,97,False
0022500564,2026-01-13,1610612748,Miami Heat,MIA,127,1610612756,Phoenix Suns,PHX,121,False
0022500566,2026-01-13,1610612749,Milwaukee Bucks,MIL,106,1610612750,Minnesota Timberwolves,MIN,139,False
0022500568,2026-01-13,1610612760,Oklahoma City Thunder,OKC,119,1610612759,San Antonio Spurs,SAS,98,False
0022500572,2026-01-14,1610612755,Philadelphia 76ers,PHI,107,1610612739,Cleveland Cavaliers,CLE,133,False
0022500574,2026-01-14,1610612740,New Orleans Pelicans,NOP,116,1610612751,Brooklyn Nets,BKN,113,False
0022500573,2026-01-14,1610612741,Chicago Bulls,CHI,128,1610612762,Utah Jazz,UTA,126,False
0022500575,2026-01-14,1610612742,Dallas Mavericks,DAL,109,1610612743,Denver Nuggets,DEN,118,False
0022500577,2026-01-14,1610612746,LA Clippers,LAC,119,1610612764,Washington Wizards,WAS,105,False
0022500576,2026-01-14,1610612758,Sacramento Kings,SAC,112,1610612752,New York Knicks,NYK,101,False
0022500571,2026-01-14,1610612754,Indiana Pacers,IND,101,1610612761,Toronto Raptors,TOR,115,False
0022500585,2026-01-15,1610612757,Portland Trail Blazers,POR,117,1610612737,Atlanta Hawks,ATL,101,False
0022500580,2026-01-15,1610612748,Miami Heat,MIA,114,1610612738,Boston Celtics,BOS,119,False
0022500583,2026-01-15,1610612742,Dallas Mavericks,DAL,144,1610612762,Utah Jazz,UTA,122,False
0022500584,2026-01-15,1610612744,Golden State Warriors,GSW,126,1610612752,New York Knicks,NYK,113,False
0022500581,2026-01-15,1610612745,Houston Rockets,HOU,91,1610612760,Oklahoma City Thunder,OKC,111,False
0022500586,2026-01-15,1610612747,Los Angeles Lakers,LAL,117,1610612766,Charlotte Hornets,CHA,135,False
0022500582,2026-01-15,1610612759,San Antonio Spurs,SAS,119,1610612749,Milwaukee Bucks,MIL,101,False
0022500578,2026-01-15,1610612753,Orlando Magic,ORL,118,1610612763,Memphis Grizzlies,MEM,111,True
0022500579,2026-01-15,1610612765,Detroit Pistons,DET,108,1610612756,Phoenix Suns,PHX,105,False
0022500589,2026-01-16,1610612755,Philadelphia 76ers,PHI,115,1610612739,Cleveland Cavaliers,CLE,117,False
0022500588,2026-01-16,1610612754,Indiana Pacers,IND,127,1610612740,New Orleans Pelicans,NOP,119,False
0022500587,2026-01-16,1610612751,Brooklyn Nets,BKN,112,1610612741,Chicago Bulls,CHI,109,False
0022500591,2026-01-16,1610612745,Houston Rockets,HOU,110,1610612750,Minnesota Timberwolves,MIN,105,False
0022500590,2026-01-16,1610612761,Toronto Raptors,TOR,117,1610612746,LA Clippers,LAC,121,False
0022500592,2026-01-16,1610612758,Sacramento Kings,SAC,128,1610612764,Washington Wizards,WAS,115,False
0022500594,2026-01-17,1610612737,Atlanta Hawks,ATL,106,1610612738,Boston Celtics,BOS,132,False
0022500593,2026-01-17,1610612742,Dallas Mavericks,DAL,138,1610612762,Utah Jazz,UTA,120,False
0022500600,2026-01-17,1610612743,Denver Nuggets,DEN,121,1610612764,Washington Wizards,WAS,115,False
0022500599,2026-01-17,1610612744,Golden State Warriors,GSW,136,1610612766,Charlotte Hornets,CHA,116,False
0022500601,2026-01-17,1610612757,Portland Trail Blazers,POR,132,1610612747,Los Angeles Lakers,LAL,116,False
0022500597,2026-01-17,1610612748,Miami Heat,MIA,122,1610612760,Oklahoma City Thunder,OKC,120,False
0022500598,2026-01-17,1610612759,San Antonio Spurs,SAS,126,1610612750,Minnesota Timberwolves,MIN,123,False
0022500596,2026-01-17,1610612752,New York Knicks,NYK,99,1610612756,Phoenix Suns,PHX,106,False
0022500595,2026-01-17,1610612765,Detroit Pistons,DET,121,1610612754,Indiana Pacers,IND,78,False
0022500604,2026-01-18,1610612745,Houston Rockets,HOU,119,1610612740,New Orleans Pelicans,NOP,110,False
0022500603,2026-01-18,1610612741,Chicago Bulls,CHI,124,1610612751,Brooklyn Nets,BKN,102,False
0022500605,2026-01-18,1610612743,Denver Nuggets,DEN,87,1610612766,Charlotte Hornets,CHA,110,False
0022500607,2026-01-18,1610612747,Los Angeles Lakers,LAL,110,1610612761,Toronto Raptors,TOR,93,False
0022500602,2026-01-18,1610612753,Orlando Magic,ORL,109,1610612763,Memphis Grizzlies,MEM,126,True
0022500606,2026-01-18,1610612758,Sacramento Kings,SAC,110,1610612757,Portland Trail Blazers,POR,117,False
0022500014,2026-01-19,1610612737,Atlanta Hawks,ATL,110,1610612749,Milwaukee Bucks,MIL,112,False
0022500017,2026-01-19,1610612765,Detroit Pistons,DET,104,1610612738,Boston Celtics,BOS,103,False
0022500015,2026-01-19,1610612739,Cleveland Cavaliers,CLE,104,1610612760,Oklahoma City Thunder,OKC,136,False
0022500016,2026-01-19,1610612752,New York Knicks,NYK,97,1610612742,Dallas Mavericks,DAL,114,False
0022500612,2026-01-19,1610612744,Golden State Warriors,GSW,135,1610612748,Miami Heat,MIA,112,False
0022500608,2026-01-19,1610612764,Washington Wizards,WAS,106,1610612746,LA Clippers,LAC,110,False
0022500610,2026-01-19,1610612751,Brooklyn Nets,BKN,117,1610612756,Phoenix Suns,PHX,126,False
0022500609,2026-01-19,1610612755,Philadelphia 76ers,PHI,113,1610612754,Indiana Pacers,IND,104,False
0022500611,2026-01-19,1610612759,San Antonio Spurs,SAS,123,1610612762,Utah Jazz,UTA,110,False
0022500614,2026-01-20,1610612741,Chicago Bulls,CHI,138,1610612746,LA Clippers,LAC,110,False
0022500617,2026-01-20,1610612743,Denver Nuggets,DEN,107,1610612747,Los Angeles Lakers,LAL,115,False
0022500618,2026-01-20,1610612744,Golden State Warriors,GSW,127,1610612761,Toronto Raptors,TOR,145,False
0022500615,2026-01-20,1610612745,Houston Rockets,HOU,111,1610612759,San Antonio Spurs,SAS,106,False
0022500619,2026-01-20,1610612758,Sacramento Kings,SAC,117,1610612748,Miami Heat,MIA,130,False
0022500616,2026-01-20,1610612762,Utah Jazz,UTA,127,1610612750,Minnesota Timberwolves,MIN,122,False
0022500613,2026-01-20,1610612755,Philadelphia 76ers,PHI,110,1610612756,Phoenix Suns,PHX,116,False
0022500623,2026-01-21,1610612763,Memphis Grizzlies,MEM,122,1610612737,Atlanta Hawks,ATL,124,False
0022500621,2026-01-21,1610612738,Boston Celtics,BOS,119,1610612754,Indiana Pacers,IND,104,False
0022500620,2026-01-21,1610612766,Charlotte Hornets,CHA,87,1610612739,Cleveland Cavaliers,CLE,94,False
0022500624,2026-01-21,1610612740,New Orleans Pelicans,NOP,104,1610612765,Detroit Pistons,DET,112,False
0022500625,2026-01-21,1610612749,Milwaukee Bucks,MIL,102,1610612760,Oklahoma City Thunder,OKC,122,False
0022500622,2026-01-21,1610612752,New York Knicks,NYK,120,1610612751,Brooklyn Nets,BKN,66,False
0022500626,2026-01-21,1610612758,Sacramento Kings,SAC,109,1610612761,Toronto Raptors,TOR,122,False
0022500631,2026-01-22,1610612750,Minnesota Timberwolves,MIN,115,1610612741,Chicago Bulls,CHI,120,False
0022500630,2026-01-22,1610612742,Dallas Mavericks,DAL,123,1610612744,Golden State Warriors,GSW,115,False
0022500629,2026-01-22,1610612764,Washington Wizards,WAS,97,1610612743,Denver Nuggets,DEN,107,False
0022500628,2026-01-22,1610612755,Philadelphia 76ers,PHI,128,1610612745,Houston Rockets,HOU,122,False
0022500633,2026-01-22,1610612746,LA Clippers,LAC,112,1610612747,Los Angeles Lakers,LAL,104,False
0022500634,2026-01-22,1610612757,Portland Trail Blazers,POR,127,1610612748,Miami Heat,MIA,110,False
0022500627,2026-01-22,1610612753,Orlando Magic,ORL,97,1610612766,Charlotte Hornets,CHA,124,False
0022500632,2026-01-22,1610612762,Utah Jazz,UTA,109,1610612759,San Antonio Spurs,SAS,126,False
0022500636,2026-01-23,1610612737,Atlanta Hawks,ATL,110,1610612756,Phoenix Suns,PHX,103,False
0022500637,2026-01-23,1610612751,Brooklyn Nets,BKN,126,1610612738,Boston Celtics,BOS,130,False
0022500638,2026-01-23,1610612739,Cleveland Cavaliers,CLE,123,1610612758,Sacramento Kings,SAC,118,False
0022500639,2026-01-23,1610612763,Memphis Grizzlies,MEM,127,1610612740,New Orleans Pelicans,NOP,133,False
0022500640,2026-01-23,1610612749,Milwaukee Bucks,MIL,100,1610612743,Denver Nuggets,DEN,102,False
0022500635,2026-01-23,1610612765,Detroit Pistons,DET,104,1610612745,Houston Rockets,HOU,111,False
0022500641,2026-01-23,1610612760,Oklahoma City Thunder,OKC,114,1610612754,Indiana Pacers,IND,117,False
0022500642,2026-01-23,1610612757,Portland Trail Blazers,POR,98,1610612761,Toronto Raptors,TOR,110,False
0022500647,2026-01-24,1610612741,Chicago Bulls,CHI,114,1610612738,Boston Celtics,BOS,111,False
0022500646,2026-01-24,1610612753,Orlando Magic,ORL,105,1610612739,Cleveland Cavaliers,CLE,119,False
0022500648,2026-01-24,1610612742,Dallas Mavericks,DAL,110,1610612747,Los Angeles Lakers,LAL,116,False
0022500649,2026-01-24,1610612762,Utah Jazz,UTA,116,1610612748,Miami Heat,MIA,147,False
0022500643,2026-01-24,1610612755,Philadelphia 76ers,PHI,109,1610612752,New York Knicks,NYK,112,False
0022500645,2026-01-24,1610612766,Charlotte Hornets,CHA,119,1610612764,Washington Wizards,WAS,115,False
0022500654,2026-01-25,1610612759,San Antonio Spurs,SAS,95,1610612740,New Orleans Pelicans,NOP,104,False
0022500644,2026-01-25,1610612750,Minnesota Timberwolves,MIN,85,1610612744,Golden State Warriors,GSW,111,False
0022500656,2026-01-25,1610612746,LA Clippers,LAC,126,1610612751,Brooklyn Nets,BKN,89,False
0022500655,2026-01-25,1610612756,Phoenix Suns,PHX,102,1610612748,Miami Heat,MIA,111,False
0022500650,2026-01-25,1610612765,Detroit Pistons,DET,139,1610612758,Sacramento Kings,SAC,116,False
0022500653,2026-01-25,1610612760,Oklahoma City Thunder,OKC,101,1610612761,Toronto Raptors,TOR,103,False
0022500659,2026-01-26,1610612737,Atlanta Hawks,ATL,132,1610612754,Indiana Pacers,IND,116,False
0022500660,2026-01-26,1610612738,Boston Celtics,BOS,102,1610612757,Portland Trail Blazers,POR,94,False
0022500658,2026-01-26,1610612739,Cleveland Cavaliers,CLE,114,1610612753,Orlando Magic,ORL,98,False
0022500661,2026-01-26,1610612741,Chicago Bulls,CHI,118,1610612747,Los Angeles Lakers,LAL,129,False
0022500663,2026-01-26,1610612750,Minnesota Timberwolves,MIN,108,1610612744,Golden State Warriors,GSW,83,False
0022500662,2026-01-26,1610612745,Houston Rockets,HOU,108,1610612763,Memphis Grizzlies,MEM,99,False
0022500657,2026-01-26,1610612766,Charlotte Hornets,CHA,130,1610612755,Philadelphia 76ers,PHI,93,False
0022500667,2026-01-27,1610612760,Oklahoma City Thunder,OKC,104,1610612740,New Orleans Pelicans,NOP,95,False
0022500668,2026-01-27,1610612743,Denver Nuggets,DEN,107,1610612765,Detroit Pistons,DET,109,False
0022500670,2026-01-27,1610612762,Utah Jazz,UTA,103,1610612746,LA Clippers,LAC,115,False
0022500666,2026-01-27,1610612755,Philadelphia 76ers,PHI,139,1610612749,Milwaukee Bucks,MIL,122,False
0022500669,2026-01-27,1610612756,Phoenix Suns,PHX,106,1610612751,Brooklyn Nets,BKN,102,False
0022500665,2026-01-27,1610612752,New York Knicks,NYK,103,1610612758,Sacramento Kings,SAC,87,False
0022500664,2026-01-27,1610612764,Washington Wizards,WAS,115,1610612757,Portland Trail Blazers,POR,111,False
0022500673,2026-01-28,1610612738,Boston Celtics,BOS,106,1610612737,Atlanta Hawks,ATL,117,False
0022500671,2026-01-28,1610612739,Cleveland Cavaliers,CLE,129,1610612747,Los Angeles Lakers,LAL,99,False
0022500672,2026-01-28,1610612754,Indiana Pacers,IND,113,1610612741,Chicago Bulls,CHI,110,False
0022500677,2026-01-28,1610612742,Dallas Mavericks,DAL,105,1610612750,Minnesota Timberwolves,MIN,118,False
0022500678,2026-01-28,1610612762,Utah Jazz,UTA,124,1610612744,Golden State Warriors,GSW,140,False
0022500679,2026-01-28,1610612745,Houston Rockets,HOU,99,1610612759,San Antonio Spurs,SAS,111,False
0022500674,2026-01-28,1610612748,Miami Heat,MIA,124,1610612753,Orlando Magic,ORL,133,False
0022500675,2026-01-28,1610612761,Toronto Raptors,TOR,92,1610612752,New York Knicks,NYK,119,False
0022500676,2026-01-28,1610612763,Memphis Grizzlies,MEM,97,1610612766,Charlotte Hornets,CHA,112,False
0022500682,2026-01-29,1610612737,Atlanta Hawks,ATL,86,1610612745,Houston Rockets,HOU,104,False
0022500529,2026-01-29,1610612741,Chicago Bulls,CHI,113,1610612748,Miami Heat,MIA,116,False
0022500683,2026-01-29,1610612742,Dallas Mavericks,DAL,121,1610612766,Charlotte Hornets,CHA,123,False
0022500684,2026-01-29,1610612743,Denver Nuggets,DEN,107,1610612751,Brooklyn Nets,BKN,103,False
0022500681,2026-01-29,1610612764,Washington Wizards,WAS,109,1610612749,Milwaukee Bucks,MIL,99,False
0022500686,2026-01-29,1610612750,Minnesota Timberwolves,MIN,123,1610612760,Oklahoma City Thunder,OKC,111,False
0022500680,2026-01-29,1610612755,Philadelphia 76ers,PHI,113,1610612758,Sacramento Kings,SAC,111,False
0022500685,2026-01-29,1610612756,Phoenix Suns,PHX,114,1610612765,Detroit Pistons,DET,96,False
0022500689,2026-01-30,1610612738,Boston Celtics,BOS,112,1610612758,Sacramento Kings,SAC,93,False
0022500693,2026-01-30,1610612756,Phoenix Suns,PHX,126,1610612739,Cleveland Cavaliers,CLE,113,False
0022500691,2026-01-30,1610612740,New Orleans Pelicans,NOP,114,1610612763,Memphis Grizzlies,MEM,106,False
0022500695,2026-01-30,1610612743,Denver Nuggets,DEN,122,1610612746,LA Clippers,LAC,109,False
0022500696,2026-01-30,1610612744,Golden State Warriors,GSW,124,1610612765,Detroit Pistons,DET,131,False
0022500688,2026-01-30,1610612764,Washington Wizards,WAS,111,1610612747,Los Angeles Lakers,LAL,142,False
0022500694,2026-01-30,1610612762,Utah Jazz,UTA,99,1610612751,Brooklyn Nets,BKN,109,False
0022500690,2026-01-30,1610612752,New York Knicks,NYK,127,1610612757,Portland Trail Blazers,POR,97,False
0022500687,2026-01-30,1610612753,Orlando Magic,ORL,130,1610612761,Toronto Raptors,TOR,120,False
0022500698,2026-01-31,1610612754,Indiana Pacers,IND,129,1610612737,Atlanta Hawks,ATL,124,False
0022500699,2026-01-31,1610612755,Philadelphia 76ers,PHI,124,1610612740,New Orleans Pelicans,NOP,114,False
0022500692,2026-01-31,1610612748,Miami Heat,MIA,118,1610612741,Chicago Bulls,CHI,125,False
0022500701,2026-01-31,1610612745,Houston Rockets,HOU,111,1610612742,Dallas Mavericks,DAL,107,False
0022500700,2026-01-31,1610612763,Memphis Grizzlies,MEM,114,1610612750,Minnesota Timberwolves,MIN,131,False
0022500697,2026-01-31,1610612766,Charlotte Hornets,CHA,111,1610612759,San Antonio Spurs,SAS,106,False
0022500702,2026-02-01,1610612738,Boston Celtics,BOS,107,1610612749,Milwaukee Bucks,MIL,79,False
0022500710,2026-02-01,1610612757,Portland Trail Blazers,POR,111,1610612739,Cleveland Cavaliers,CLE,130,False
0022500705,2026-02-01,1610612748,Miami Heat,MIA,134,1610612741,Chicago Bulls,CHI,91,False
0022500711,2026-02-01,1610612743,Denver Nuggets,DEN,111,1610612760,Oklahoma City Thunder,OKC,121,False
0022500709,2026-02-01,1610612756,Phoenix Suns,PHX,93,1610612746,LA Clippers,LAC,117,False
0022500708,2026-02-01,1610612752,New York Knicks,NYK,112,1610612747,Los Angeles Lakers,LAL,100,False
0022500704,2026-02-01,1610612765,Detroit Pistons,DET,130,1610612751,Brooklyn Nets,BKN,77,False
0022500703,2026-02-01,1610612759,San Antonio Spurs,SAS,112,1610612753,Orlando Magic,ORL,103,False
0022500707,2026-02-01,1610612764,Washington Wizards,WAS,116,1610612758,Sacramento Kings,SAC,112,False
0022500706,2026-02-01,1610612761,Toronto Raptors,TOR,107,1610612762,Utah Jazz,UTA,100,False
0022500712,2026-02-02,1610612766,Charlotte Hornets,CHA,102,1610612740,New Orleans Pelicans,NOP,95,False
0022500713,2026-02-02,1610612754,Indiana Pacers,IND,114,1610612745,Houston Rockets,HOU,118,False
0022500715,2026-02-02,1610612746,LA Clippers,LAC,113,1610612755,Philadelphia 76ers,PHI,128,False
0022500714,2026-02-02,1610612763,Memphis Grizzlies,MEM,137,1610612750,Minnesota Timberwolves,MIN,128,False
0022500720,2026-02-03,1610612748,Miami Heat,MIA,115,1610612737,Atlanta Hawks,ATL,127,False
0022500721,2026-02-03,1610612742,Dallas Mavericks,DAL,100,1610612738,Boston Celtics,BOS,110,False
0022500722,2026-02-03,1610612749,Milwaukee Bucks,MIL,131,1610612741,Chicago Bulls,CHI,115,False
0022500716,2026-02-03,1610612765,Detroit Pistons,DET,124,1610612743,Denver Nuggets,DEN,121,False
0022500724,2026-02-03,1610612744,Golden State Warriors,GSW,94,1610612755,Philadelphia 76ers,PHI,113,False
0022500719,2026-02-03,1610612751,Brooklyn Nets,BKN,109,1610612747,Los Angeles Lakers,LAL,125,False
0022500718,2026-02-03,1610612764,Washington Wizards,WAS,101,1610612752,New York Knicks,NYK,132,False
0022500723,2026-02-03,1610612760,Oklahoma City Thunder,OKC,128,1610612753,Orlando Magic,ORL,92,False
0022500717,2026-02-03,1610612754,Indiana Pacers,IND,122,1610612762,Utah Jazz,UTA,131,False
0022500725,2026-02-03,1610612757,Portland Trail Blazers,POR,125,1610612756,Phoenix Suns,PHX,130,False
0022500728,2026-02-04,1610612745,Houston Rockets,HOU,93,1610612738,Boston Celtics,BOS,114,False
0022500732,2026-02-04,1610612746,LA Clippers,LAC,91,1610612739,Cleveland Cavaliers,CLE,124,False
0022500729,2026-02-04,1610612749,Milwaukee Bucks,MIL,141,1610612740,New Orleans Pelicans,NOP,137,False
0022500726,2026-02-04,1610612752,New York Knicks,NYK,134,1610612743,Denver Nuggets,DEN,127,False
0022500727,2026-02-04,1610612761,Toronto Raptors,TOR,126,1610612750,Minnesota Timberwolves,MIN,128,False
0022500731,2026-02-04,1610612758,Sacramento Kings,SAC,125,1610612763,Memphis Grizzlies,MEM,129,False
0022500730,2026-02-04,1610612759,San Antonio Spurs,SAS,116,1610612760,Oklahoma City Thunder,OKC,106,False
0022500735,2026-02-05,1610612737,Atlanta Hawks,ATL,121,1610612762,Utah Jazz,UTA,119,False
0022500736,2026-02-05,1610612761,Toronto Raptors,TOR,123,1610612741,Chicago Bulls,CHI,107,False
0022500738,2026-02-05,1610612742,Dallas Mavericks,DAL,123,1610612759,San Antonio Spurs,SAS,135,False
0022500739,2026-02-05,1610612756,Phoenix Suns,PHX,97,1610612744,Golden State Warriors,GSW,101,False
0022500737,2026-02-05,1610612745,Houston Rockets,HOU,99,1610612766,Charlotte Hornets,CHA,109,False
0022500740,2026-02-05,1610612747,Los Angeles Lakers,LAL,119,1610612755,Philadelphia 76ers,PHI,115,False
0022500734,2026-02-05,1610612753,Orlando Magic,ORL,118,1610612751,Brooklyn Nets,BKN,98,False
0022500733,2026-02-05,1610612765,Detroit Pistons,DET,117,1610612764,Washington Wizards,WAS,126,False
0022500741,2026-02-06,1610612738,Boston Celtics,BOS,98,1610612748,Miami Heat,MIA,96,False
0022500744,2026-02-06,1610612750,Minnesota Timberwolves,MIN,115,1610612740,New Orleans Pelicans,NOP,119,False
0022500746,2026-02-06,1610612758,Sacramento Kings,SAC,111,1610612746,LA Clippers,LAC,114,False
0022500743,2026-02-06,1610612749,Milwaukee Bucks,MIL,105,1610612754,Indiana Pacers,IND,99,False
0022500742,2026-02-06,1610612765,Detroit Pistons,DET,118,1610612752,New York Knicks,NYK,80,False
0022500745,2026-02-06,1610612757,Portland Trail Blazers,POR,135,1610612763,Memphis Grizzlies,MEM,115,False
0022500751,2026-02-07,1610612737,Atlanta Hawks,ATL,119,1610612766,Charlotte Hornets,CHA,126,False
0022500756,2026-02-07,1610612758,Sacramento Kings,SAC,126,1610612739,Cleveland Cavaliers,CLE,132,False
0022500752,2026-02-07,1610612741,Chicago Bulls,CHI,120,1610612743,Denver Nuggets,DEN,136,False
0022500749,2026-02-07,1610612759,San Antonio Spurs,SAS,138,1610612742,Dallas Mavericks,DAL,125,False
0022500753,2026-02-07,1610612747,Los Angeles Lakers,LAL,105,1610612744,Golden State Warriors,GSW,99,False
0022500748,2026-02-07,1610612760,Oklahoma City Thunder,OKC,106,1610612745,Houston Rockets,HOU,112,False
0022500747,2026-02-07,1610612751,Brooklyn Nets,BKN,127,1610612764,Washington Wizards,WAS,113,False
0022500750,2026-02-07,1610612753,Orlando Magic,ORL,120,1610612762,Utah Jazz,UTA,117,False
0022500754,2026-02-07,1610612756,Phoenix Suns,PHX,103,1610612755,Philadelphia 76ers,PHI,109,False
0022500755,2026-02-07,1610612757,Portland Trail Blazers,POR,122,1610612763,Memphis Grizzlies,MEM,115,False
0022500757,2026-02-08,1610612738,Boston Celtics,BOS,89,1610612752,New York Knicks,NYK,111,False
0022500760,2026-02-08,1610612750,Minnesota Timberwolves,MIN,96,1610612746,LA Clippers,LAC,115,False
0022500758,2026-02-08,1610612764,Washington Wizards,WAS,101,1610612748,Miami Heat,MIA,132,False
0022500759,2026-02-08,1610612761,Toronto Raptors,TOR,122,1610612754,Indiana Pacers,IND,104,False
0022500765,2026-02-09,1610612750,Minnesota Timberwolves,MIN,138,1610612737,Atlanta Hawks,ATL,116,False
0022500767,2026-02-09,1610612743,Denver Nuggets,DEN,117,1610612739,Cleveland Cavaliers,CLE,119,False
0022500766,2026-02-09,1610612740,New Orleans Pelicans,NOP,120,1610612758,Sacramento Kings,SAC,94,False
0022500762,2026-02-09,1610612751,Brooklyn Nets,BKN,123,1610612741,Chicago Bulls,CHI,115,False
0022500768,2026-02-09,1610612744,Golden State Warriors,GSW,114,1610612763,Memphis Grizzlies,MEM,113,False
0022500769,2026-02-09,1610612747,Los Angeles Lakers,LAL,110,1610612760,Oklahoma City Thunder,OKC,119,False
0022500763,2026-02-09,1610612748,Miami Heat,MIA,111,1610612762,Utah Jazz,UTA,115,False
0022500764,2026-02-09,1610612753,Orlando Magic,ORL,118,1610612749,Milwaukee Bucks,MIL,99,False
0022500770,2026-02-09,1610612757,Portland Trail Blazers,POR,135,1610612755,Philadelphia 76ers,PHI,118,False
0022500761,2026-02-09,1610612766,Charlotte Hornets,CHA,104,1610612765,Detroit Pistons,DET,110,False
0022500773,2026-02-10,1610612756,Phoenix Suns,PHX,120,1610612742,Dallas Mavericks,DAL,111,False
0022500772,2026-02-10,1610612745,Houston Rockets,HOU,102,1610612746,LA Clippers,LAC,95,False
0022500774,2026-02-10,1610612747,Los Angeles Lakers,LAL,108,1610612759,San Antonio Spurs,SAS,136,False
0022500771,2026-02-10,1610612752,New York Knicks,NYK,134,1610612754,Indiana Pacers,IND,137,False
0022500775,2026-02-11,1610612766,Charlotte Hornets,CHA,110,1610612737,Atlanta Hawks,ATL,107,False
0022500778,2026-02-11,1610612738,Boston Celtics,BOS,124,1610612741,Chicago Bulls,CHI,105,False
0022500776,2026-02-11,1610612739,Cleveland Cavaliers,CLE,138,1610612764,Washington Wizards,WAS,113,False
0022500784,2026-02-11,1610612740,New Orleans Pelicans,NOP,111,1610612748,Miami Heat,MIA,123,False
0022500787,2026-02-11,1610612743,Denver Nuggets,DEN,122,1610612763,Memphis Grizzlies,MEM,116,False
0022500788,2026-02-11,1610612744,Golden State Warriors,GSW,113,1610612759,San Antonio Spurs,SAS,126,False
0022500782,2026-02-11,1610612745,Houston Rockets,HOU,102,1610612746,LA Clippers,LAC,105,False
0022500777,2026-02-11,1610612753,Orlando Magic,ORL,108,1610612749,Milwaukee Bucks,MIL,116,False
0022500783,2026-02-11,1610612750,Minnesota Timberwolves,MIN,133,1610612757,Portland Trail Blazers,POR,109,False
0022500779,2026-02-11,1610612751,Brooklyn Nets,BKN,110,1610612754,Indiana Pacers,IND,115,False
0022500780,2026-02-11,1610612755,Philadelphia 76ers,PHI,89,1610612752,New York Knicks,NYK,138,False
0022500785,2026-02-11,1610612756,Phoenix Suns,PHX,109,1610612760,Oklahoma City Thunder,OKC,136,False
0022500786,2026-02-11,1610612762,Utah Jazz,UTA,121,1610612758,Sacramento Kings,SAC,93,False
0022500781,2026-02-11,1610612761,Toronto Raptors,TOR,95,1610612765,Detroit Pistons,DET,113,False
0022500791,2026-02-12,1610612747,Los Angeles Lakers,LAL,124,1610612742,Dallas Mavericks,DAL,104,False
0022500789,2026-02-12,1610612760,Oklahoma City Thunder,OKC,93,1610612749,Milwaukee Bucks,MIL,110,False
0022500790,2026-02-12,1610612762,Utah Jazz,UTA,119,1610612757,Portland Trail Blazers,POR,135,False
0022500794,2026-02-19,1610612755,Philadelphia 76ers,PHI,107,1610612737,Atlanta Hawks,ATL,117,False
0022500799,2026-02-19,1610612744,Golden State Warriors,GSW,110,1610612738,Boston Celtics,BOS,121,False
0022500793,2026-02-19,1610612739,Cleveland Cavaliers,CLE,112,1610612751,Brooklyn Nets,BKN,84,False
0022500797,2026-02-19,1610612741,Chicago Bulls,CHI,101,1610612761,Toronto Raptors,TOR,110,False
0022500801,2026-02-19,1610612746,LA Clippers,LAC,115,1610612743,Denver Nuggets,DEN,114,False
0022500792,2026-02-19,1610612766,Charlotte Hornets,CHA,101,1610612745,Houston Rockets,HOU,105,False
0022500796,2026-02-19,1610612752,New York Knicks,NYK,111,1610612765,Detroit Pistons,DET,126,False
0022500800,2026-02-19,1610612758,Sacramento Kings,SAC,94,1610612753,Orlando Magic,ORL,131,False
0022500795,2026-02-19,1610612764,Washington Wizards,WAS,112,1610612754,Indiana Pacers,IND,105,False
0022500798,2026-02-19,1610612759,San Antonio Spurs,SAS,121,1610612756,Phoenix Suns,PHX,94,False
0022500805,2026-02-20,1610612737,Atlanta Hawks,ATL,97,1610612748,Miami Heat,MIA,128,False
0022500802,2026-02-20,1610612766,Charlotte Hornets,CHA,113,1610612739,Cleveland Cavaliers,CLE,118,False
0022500807,2026-02-20,1610612740,New Orleans Pelicans,NOP,118,1610612749,Milwaukee Bucks,MIL,139,False
0022500806,2026-02-20,1610612750,Minnesota Timberwolves,MIN,122,1610612742,Dallas Mavericks,DAL,111,False
0022500810,2026-02-20,1610612757,Portland Trail Blazers,POR,103,1610612743,Denver Nuggets,DEN,157,False
0022500809,2026-02-20,1610612747,Los Angeles Lakers,LAL,125,1610612746,LA Clippers,LAC,122,False
0022500808,2026-02-20,1610612760,Oklahoma City Thunder,OKC,105,1610612751,Brooklyn Nets,BKN,86,False
0022500803,2026-02-20,1610612764,Washington Wizards,WAS,131,1610612754,Indiana Pacers,IND,118,False
0022500804,2026-02-20,1610612763,Memphis Grizzlies,MEM,123,1610612762,Utah Jazz,UTA,114,False
0022500812,2026-02-21,1610612740,New Orleans Pelicans,NOP,126,1610612755,Philadelphia 76ers,PHI,111,False
0022500814,2026-02-21,1610612741,Chicago Bulls,CHI,110,1610612765,Detroit Pistons,DET,126,False
0022500816,2026-02-21,1610612752,New York Knicks,NYK,108,1610612745,Houston Rockets,HOU,106,False
0022500813,2026-02-21,1610612748,Miami Heat,MIA,136,1610612763,Memphis Grizzlies,MEM,120,False
0022500811,2026-02-21,1610612756,Phoenix Suns,PHX,113,1610612753,Orlando Magic,ORL,110,False
0022500815,2026-02-21,1610612759,San Antonio Spurs,SAS,139,1610612758,Sacramento Kings,SAC,122,False
0022500818,2026-02-22,1610612737,Atlanta Hawks,ATL,115,1610612751,Brooklyn Nets,BKN,104,False
0022500823,2026-02-22,1610612747,Los Angeles Lakers,LAL,89,1610612738,Boston Celtics,BOS,111,False
0022500817,2026-02-22,1610612760,Oklahoma City Thunder,OKC,121,1610612739,Cleveland Cavaliers,CLE,113,False
0022500825,2026-02-22,1610612741,Chicago Bulls,CHI,99,1610612752,New York Knicks,NYK,105,False
0022500821,2026-02-22,1610612754,Indiana Pacers,IND,130,1610612742,Dallas Mavericks,DAL,134,False
0022500820,2026-02-22,1610612744,Golden State Warriors,GSW,128,1610612743,Denver Nuggets,DEN,117,False
0022500827,2026-02-22,1610612746,LA Clippers,LAC,109,1610612753,Orlando Magic,ORL,111,False
0022500819,2026-02-22,1610612749,Milwaukee Bucks,MIL,94,1610612761,Toronto Raptors,TOR,122,False
0022500824,2026-02-22,1610612750,Minnesota Timberwolves,MIN,108,1610612755,Philadelphia 76ers,PHI,135,False
0022500826,2026-02-22,1610612756,Phoenix Suns,PHX,77,1610612757,Portland Trail Blazers,POR,92,False
0022500822,2026-02-22,1610612764,Washington Wizards,WAS,112,1610612766,Charlotte Hornets,CHA,129,False
0022500830,2026-02-23,1610612745,Houston Rockets,HOU,125,1610612762,Utah Jazz,UTA,105,False
0022500829,2026-02-23,1610612763,Memphis Grizzlies,MEM,114,1610612758,Sacramento Kings,SAC,123,False
0022500828,2026-02-23,1610612765,Detroit Pistons,DET,103,1610612759,San Antonio Spurs,SAS,114,False
0022500832,2026-02-24,1610612737,Atlanta Hawks,ATL,119,1610612764,Washington Wizards,WAS,98,False
0022500839,2026-02-24,1610612756,Phoenix Suns,PHX,81,1610612738,Boston Celtics,BOS,97,False
0022500835,2026-02-24,1610612739,Cleveland Cavaliers,CLE,109,1610612752,New York Knicks,NYK,94,False
0022500838,2026-02-24,1610612740,New Orleans Pelicans,NOP,113,1610612744,Golden State Warriors,GSW,109,False
0022500836,2026-02-24,1610612741,Chicago Bulls,CHI,99,1610612766,Charlotte Hornets,CHA,131,False
0022500833,2026-02-24,1610612751,Brooklyn Nets,BKN,114,1610612742,Dallas Mavericks,DAL,123,False
0022500840,2026-02-24,1610612747,Los Angeles Lakers,LAL,109,1610612753,Orlando Magic,ORL,110,False
0022500837,2026-02-24,1610612749,Milwaukee Bucks,MIL,128,1610612748,Miami Heat,MIA,117,False
0022500841,2026-02-24,1610612757,Portland Trail Blazers,POR,121,1610612750,Minnesota Timberwolves,MIN,124,False
0022500831,2026-02-24,1610612754,Indiana Pacers,IND,114,1610612755,Philadelphia 76ers,PHI,135,False
0022500834,2026-02-24,1610612761,Toronto Raptors,TOR,107,1610612760,Oklahoma City Thunder,OKC,116,False
0022500847,2026-02-25,1610612743,Denver Nuggets,DEN,103,1610612738,Boston Celtics,BOS,84,False
0022500846,2026-02-25,1610612749,Milwaukee Bucks,MIL,118,1610612739,Cleveland Cavaliers,CLE,116,False
0022500844,2026-02-25,1610612763,Memphis Grizzlies,MEM,112,1610612744,Golden State Warriors,GSW,133,False
0022500845,2026-02-25,1610612745,Houston Rockets,HOU,128,1610612758,Sacramento Kings,SAC,97,False
0022500843,2026-02-25,1610612761,Toronto Raptors,TOR,107,1610612759,San Antonio Spurs,SAS,110,False
0022500842,2026-02-25,1610612765,Detroit Pistons,DET,124,1610612760,Oklahoma City Thunder,OKC,116,False
0022500850,2026-02-26,1610612737,Atlanta Hawks,ATL,126,1610612764,Washington Wizards,WAS,96,False
0022500856,2026-02-26,1610612762,Utah Jazz,UTA,118,1610612740,New Orleans Pelicans,NOP,129,False
0022500853,2026-02-26,1610612741,Chicago Bulls,CHI,112,1610612757,Portland Trail Blazers,POR,121,False
0022500854,2026-02-26,1610612742,Dallas Mavericks,DAL,121,1610612758,Sacramento Kings,SAC,130,False
0022500852,2026-02-26,1610612753,Orlando Magic,ORL,108,1610612745,Houston Rockets,HOU,113,False
0022500857,2026-02-26,1610612746,LA Clippers,LAC,88,1610612750,Minnesota Timberwolves,MIN,94,False
0022500855,2026-02-26,1610612756,Phoenix Suns,PHX,113,1610612747,Los Angeles Lakers,LAL,110,False
0022500849,2026-02-26,1610612755,Philadelphia 76ers,PHI,124,1610612748,Miami Heat,MIA,117,False
0022500851,2026-02-26,1610612751,Brooklyn Nets,BKN,110,1610612759,San Antonio Spurs,SAS,126,False
0022500848,2026-02-26,1610612754,Indiana Pacers,IND,109,1610612766,Charlotte Hornets,CHA,133,False
0022500859,2026-02-27,1610612738,Boston Celtics,BOS,148,1610612751,Brooklyn Nets,BKN,111,False
0022500858,2026-02-27,1610612765,Detroit Pistons,DET,122,1610612739,Cleveland Cavaliers,CLE,119,False
0022500861,2026-02-27,1610612742,Dallas Mavericks,DAL,105,1610612763,Memphis Grizzlies,MEM,124,False
0022500862,2026-02-27,1610612760,Oklahoma City Thunder,OKC,127,1610612743,Denver Nuggets,DEN,121,False
0022500860,2026-02-27,1610612749,Milwaukee Bucks,MIL,98,1610612752,New York Knicks,NYK,127,False
0022500867,2026-02-28,1610612762,Utah Jazz,UTA,105,1610612740,New Orleans Pelicans,NOP,115,False
0022500866,2026-02-28,1610612744,Golden State Warriors,GSW,101,1610612747,Los Angeles Lakers,LAL,129,False
0022500864,2026-02-28,1610612748,Miami Heat,MIA,115,1610612745,Houston Rockets,HOU,105,False
0022500863,2026-02-28,1610612766,Charlotte Hornets,CHA,109,1610612757,Portland Trail Blazers,POR,93,False
0022500865,2026-02-28,1610612764,Washington Wizards,WAS,125,1610612761,Toronto Raptors,TOR,134,False
0022500873,2026-03-01,1610612737,Atlanta Hawks,ATL,135,1610612757,Portland Trail Blazers,POR,101,False
0022500874,2026-03-01,1610612738,Boston Celtics,BOS,114,1610612755,Philadelphia 76ers,PHI,98,False
0022500869,2026-03-01,1610612751,Brooklyn Nets,BKN,102,1610612739,Cleveland Cavaliers,CLE,106,False
0022500877,2026-03-01,1610612746,LA Clippers,LAC,137,1610612740,New Orleans Pelicans,NOP,117,False
0022500870,2026-03-01,1610612741,Chicago Bulls,CHI,120,1610612749,Milwaukee Bucks,MIL,97,False
0022500876,2026-03-01,1610612742,Dallas Mavericks,DAL,87,1610612760,Oklahoma City Thunder,OKC,100,False
0022500871,2026-03-01,1610612743,Denver Nuggets,DEN,108,1610612750,Minnesota Timberwolves,MIN,117,False
0022500878,2026-03-01,1610612747,Los Angeles Lakers,LAL,128,1610612758,Sacramento Kings,SAC,104,False
0022500868,2026-03-01,1610612752,New York Knicks,NYK,114,1610612759,San Antonio Spurs,SAS,89,False
0022500875,2026-03-01,1610612753,Orlando Magic,ORL,92,1610612765,Detroit Pistons,DET,106,False
0022500872,2026-03-01,1610612754,Indiana Pacers,IND,106,1610612763,Memphis Grizzlies,MEM,125,False
0022500880,2026-03-02,1610612749,Milwaukee Bucks,MIL,81,1610612738,Boston Celtics,BOS,108,False
0022500881,2026-03-02,1610612762,Utah Jazz,UTA,125,1610612743,Denver Nuggets,DEN,128,False
0022500882,2026-03-02,1610612744,Golden State Warriors,GSW,101,1610612746,LA Clippers,LAC,114,False
0022500879,2026-03-02,1610612764,Washington Wizards,WAS,118,1610612745,Houston Rockets,HOU,123,False
0022500884,2026-03-03,1610612739,Cleveland Cavaliers,CLE,113,1610612765,Detroit Pistons,DET,109,False
0022500891,2026-03-03,1610612747,Los Angeles Lakers,LAL,110,1610612740,New Orleans Pelicans,NOP,101,False
0022500889,2026-03-03,1610612741,Chicago Bulls,CHI,108,1610612760,Oklahoma City Thunder,OKC,116,False
0022500883,2026-03-03,1610612766,Charlotte Hornets,CHA,117,1610612742,Dallas Mavericks,DAL,90,False
0022500886,2026-03-03,1610612748,Miami Heat,MIA,124,1610612751,Brooklyn Nets,BKN,98,False
0022500890,2026-03-03,1610612750,Minnesota Timberwolves,MIN,117,1610612763,Memphis Grizzlies,MEM,110,False
0022500887,2026-03-03,1610612761,Toronto Raptors,TOR,95,1610612752,New York Knicks,NYK,111,False
0022500885,2026-03-03,1610612753,Orlando Magic,ORL,126,1610612764,Washington Wizards,WAS,109,False
0022500888,2026-03-03,1610612755,Philadelphia 76ers,PHI,91,1610612759,San Antonio Spurs,SAS,131,False
0022500892,2026-03-03,1610612758,Sacramento Kings,SAC,103,1610612756,Phoenix Suns,PHX,114,False
0022500897,2026-03-04,1610612749,Milwaukee Bucks,MIL,113,1610612737,Atlanta Hawks,ATL,131,False
0022500894,2026-03-04,1610612738,Boston Celtics,BOS,89,1610612766,Charlotte Hornets,CHA,118,False
0022500898,2026-03-04,1610612746,LA Clippers,LAC,130,1610612754,Indiana Pacers,IND,107,False
0022500893,2026-03-04,1610612752,New York Knicks,NYK,100,1610612760,Oklahoma City Thunder,OKC,103,False
0022500895,2026-03-04,1610612755,Philadelphia 76ers,PHI,106,1610612762,Utah Jazz,UTA,102,False
0022500896,2026-03-04,1610612763,Memphis Grizzlies,MEM,114,1610612757,Portland Trail Blazers,POR,122,False
0022500907,2026-03-05,1610612758,Sacramento Kings,SAC,123,1610612740,New Orleans Pelicans,NOP,133,False
0022500905,2026-03-05,1610612756,Phoenix Suns,PHX,103,1610612741,Chicago Bulls,CHI,105,False
0022500899,2026-03-05,1610612753,Orlando Magic,ORL,115,1610612742,Dallas Mavericks,DAL,114,False
0022500906,2026-03-05,1610612743,Denver Nuggets,DEN,120,1610612747,Los Angeles Lakers,LAL,113,False
0022500902,2026-03-05,1610612745,Houston Rockets,HOU,113,1610612744,Golden State Warriors,GSW,115,False
0022500901,2026-03-05,1610612748,Miami Heat,MIA,126,1610612751,Brooklyn Nets,BKN,110,False
0022500903,2026-03-05,1610612750,Minnesota Timberwolves,MIN,115,1610612761,Toronto Raptors,TOR,107,False
0022500904,2026-03-05,1610612759,San Antonio Spurs,SAS,121,1610612765,Detroit Pistons,DET,106,False
0022500900,2026-03-05,1610612764,Washington Wizards,WAS,112,1610612762,Utah Jazz,UTA,122,False
0022500908,2026-03-06,1610612738,Boston Celtics,BOS,120,1610612742,Dallas Mavericks,DAL,100,False
0022500912,2026-03-06,1610612756,Phoenix Suns,PHX,118,1610612740,New Orleans Pelicans,NOP,116,False
0022500911,2026-03-06,1610612743,Denver Nuggets,DEN,103,1610612752,New York Knicks,NYK,142,False
0022500910,2026-03-06,1610612745,Houston Rockets,HOU,106,1610612757,Portland Trail Blazers,POR,99,False
0022500913,2026-03-06,1610612759,San Antonio Spurs,SAS,116,1610612746,LA Clippers,LAC,112,False
0022500914,2026-03-06,1610612747,Los Angeles Lakers,LAL,128,1610612754,Indiana Pacers,IND,117,False
0022500909,2026-03-06,1610612766,Charlotte Hornets,CHA,120,1610612748,Miami Heat,MIA,128,False
0022500917,2026-03-07,1610612737,Atlanta Hawks,ATL,125,1610612755,Philadelphia 76ers,PHI,116,False
0022500920,2026-03-07,1610612760,Oklahoma City Thunder,OKC,104,1610612744,Golden State Warriors,GSW,97,False
0022500918,2026-03-07,1610612763,Memphis Grizzlies,MEM,120,1610612746,LA Clippers,LAC,123,False
0022500919,2026-03-07,1610612749,Milwaukee Bucks,MIL,113,1610612762,Utah Jazz,UTA,99,False
0022500915,2026-03-07,1610612750,Minnesota Timberwolves,MIN,92,1610612753,Orlando Magic,ORL,119,False
0022500916,2026-03-07,1610612765,Detroit Pistons,DET,105,1610612751,Brooklyn Nets,BKN,107,False
0022500921,2026-03-08,1610612739,Cleveland Cavaliers,CLE,98,1610612738,Boston Celtics,BOS,109,False
0022500925,2026-03-08,1610612740,New Orleans Pelicans,NOP,138,1610612764,Washington Wizards,WAS,118,False
0022500930,2026-03-08,1610612758,Sacramento Kings,SAC,126,1610612741,Chicago Bulls,CHI,110,False
0022500924,2026-03-08,1610612761,Toronto Raptors,TOR,122,1610612742,Dallas Mavericks,DAL,92,False
0022500927,2026-03-08,1610612759,San Antonio Spurs,SAS,145,1610612745,Houston Rockets,HOU,120,False
0022500922,2026-03-08,1610612747,Los Angeles Lakers,LAL,110,1610612752,New York Knicks,NYK,97,False
0022500923,2026-03-08,1610612748,Miami Heat,MIA,121,1610612765,Detroit Pistons,DET,110,False
0022500926,2026-03-08,1610612749,Milwaukee Bucks,MIL,91,1610612753,Orlando Magic,ORL,130,False
0022500929,2026-03-08,1610612757,Portland Trail Blazers,POR,131,1610612754,Indiana Pacers,IND,111,False
0022500928,2026-03-08,1610612756,Phoenix Suns,PHX,111,1610612766,Charlotte Hornets,CHA,99,False
0022500931,2026-03-09,1610612739,Cleveland Cavaliers,CLE,115,1610612755,Philadelphia 76ers,PHI,101,False
0022500933,2026-03-09,1610612760,Oklahoma City Thunder,OKC,129,1610612743,Denver Nuggets,DEN,126,False
0022500934,2026-03-09,1610612762,Utah Jazz,UTA,119,1610612744,Golden State Warriors,GSW,116,False
0022500935,2026-03-09,1610612746,LA Clippers,LAC,126,1610612752,New York Knicks,NYK,118,False
0022500932,2026-03-09,1610612751,Brooklyn Nets,BKN,126,1610612763,Memphis Grizzlies,MEM,115,False
0022500939,2026-03-10,1610612737,Atlanta Hawks,ATL,124,1610612742,Dallas Mavericks,DAL,112,False
0022500942,2026-03-10,1610612759,San Antonio Spurs,SAS,125,1610612738,Boston Celtics,BOS,116,False
0022500943,2026-03-10,1610612744,Golden State Warriors,GSW,124,1610612741,Chicago Bulls,CHI,130,False
0022500940,2026-03-10,1610612745,Houston Rockets,HOU,113,1610612761,Toronto Raptors,TOR,99,False
0022500946,2026-03-10,1610612747,Los Angeles Lakers,LAL,120,1610612750,Minnesota Timberwolves,MIN,106,False
0022500938,2026-03-10,1610612748,Miami Heat,MIA,150,1610612764,Washington Wizards,WAS,129,False
0022500941,2026-03-10,1610612749,Milwaukee Bucks,MIL,114,1610612756,Phoenix Suns,PHX,129,False
0022500937,2026-03-10,1610612751,Brooklyn Nets,BKN,100,1610612765,Detroit Pistons,DET,138,False
0022500945,2026-03-10,1610612758,Sacramento Kings,SAC,114,1610612754,Indiana Pacers,IND,109,False
0022500936,2026-03-10,1610612755,Philadelphia 76ers,PHI,139,1610612763,Memphis Grizzlies,MEM,129,False
0022500944,2026-03-10,1610612757,Portland Trail Blazers,POR,101,1610612766,Charlotte Hornets,CHA,103,False
0022500947,2026-03-11,1610612753,Orlando Magic,ORL,128,1610612739,Cleveland Cavaliers,CLE,122,False
0022500948,2026-03-11,1610612740,New Orleans Pelicans,NOP,122,1610612761,Toronto Raptors,TOR,111,False
0022500950,2026-03-11,1610612743,Denver Nuggets,DEN,129,1610612745,Houston Rockets,HOU,93,False
0022500952,2026-03-11,1610612746,LA Clippers,LAC,153,1610612750,Minnesota Timberwolves,MIN,128,False
0022500949,2026-03-11,1610612762,Utah Jazz,UTA,117,1610612752,New York Knicks,NYK,134,False
0022500951,2026-03-11,1610612758,Sacramento Kings,SAC,109,1610612766,Charlotte Hornets,CHA,117,False
0022500956,2026-03-12,1610612737,Atlanta Hawks,ATL,108,1610612751,Brooklyn Nets,BKN,97,False
0022500959,2026-03-12,1610612760,Oklahoma City Thunder,OKC,104,1610612738,Boston Celtics,BOS,102,False
0022500960,2026-03-12,1610612747,Los Angeles Lakers,LAL,142,1610612741,Chicago Bulls,CHI,130,False
0022501111,2026-03-12,1610612763,Memphis Grizzlies,MEM,112,1610612742,Dallas Mavericks,DAL,120,False
0022500958,2026-03-12,1610612759,San Antonio Spurs,SAS,131,1610612743,Denver Nuggets,DEN,136,False
0022500957,2026-03-12,1610612748,Miami Heat,MIA,112,1610612749,Milwaukee Bucks,MIL,105,False
0022500955,2026-03-12,1610612753,Orlando Magic,ORL,136,1610612764,Washington Wizards,WAS,131,False
0022500954,2026-03-12,1610612754,Indiana Pacers,IND,108,1610612756,Phoenix Suns,PHX,123,False
0022500953,2026-03-12,1610612765,Detroit Pistons,DET,131,1610612755,Philadelphia 76ers,PHI,109,False
0022500965,2026-03-13,1610612742,Dallas Mavericks,DAL,105,1610612739,Cleveland Cavaliers,CLE,138,False
0022500964,2026-03-13,1610612745,Houston Rockets,HOU,107,1610612740,New Orleans Pelicans,NOP,105,False
0022500968,2026-03-13,1610612746,LA Clippers,LAC,119,1610612741,Chicago Bulls,CHI,108,False
0022500966,2026-03-13,1610612744,Golden State Warriors,GSW,117,1610612750,Minnesota Timberwolves,MIN,127,False
0022500962,2026-03-13,1610612754,Indiana Pacers,IND,92,1610612752,New York Knicks,NYK,101,False
0022500963,2026-03-13,1610612761,Toronto Raptors,TOR,122,1610612756,Phoenix Suns,PHX,115,False
0022500967,2026-03-13,1610612757,Portland Trail Blazers,POR,124,1610612762,Utah Jazz,UTA,114,False
0022500961,2026-03-13,1610612765,Detroit Pistons,DET,126,1610612763,Memphis Grizzlies,MEM,110,False
0022500970,2026-03-14,1610612737,Atlanta Hawks,ATL,122,1610612749,Milwaukee Bucks,MIL,99,False
0022500971,2026-03-14,1610612738,Boston Celtics,BOS,111,1610612764,Washington Wizards,WAS,100,False
0022500974,2026-03-14,1610612747,Los Angeles Lakers,LAL,127,1610612743,Denver Nuggets,DEN,125,False
0022500975,2026-03-14,1610612746,LA Clippers,LAC,109,1610612758,Sacramento Kings,SAC,118,False
0022500972,2026-03-14,1610612748,Miami Heat,MIA,117,1610612753,Orlando Magic,ORL,121,False
0022500969,2026-03-14,1610612755,Philadelphia 76ers,PHI,104,1610612751,Brooklyn Nets,BKN,97,False
0022500973,2026-03-14,1610612759,San Antonio Spurs,SAS,115,1610612766,Charlotte Hornets,CHA,102,False
0022500977,2026-03-15,1610612739,Cleveland Cavaliers,CLE,120,1610612742,Dallas Mavericks,DAL,130,False
0022500981,2026-03-15,1610612752,New York Knicks,NYK,110,1610612744,Golden State Warriors,GSW,107,False
0022500979,2026-03-15,1610612749,Milwaukee Bucks,MIL,134,1610612754,Indiana Pacers,IND,123,False
0022500976,2026-03-15,1610612760,Oklahoma City Thunder,OKC,116,1610612750,Minnesota Timberwolves,MIN,103,False
0022500980,2026-03-15,1610612755,Philadelphia 76ers,PHI,109,1610612757,Portland Trail Blazers,POR,103,False
0022500982,2026-03-15,1610612758,Sacramento Kings,SAC,116,1610612762,Utah Jazz,UTA,111,False
0022500978,2026-03-15,1610612761,Toronto Raptors,TOR,119,1610612765,Detroit Pistons,DET,108,False
0022500983,2026-03-16,1610612737,Atlanta Hawks,ATL,124,1610612753,Orlando Magic,ORL,112,False
0022500986,2026-03-16,1610612738,Boston Celtics,BOS,120,1610612756,Phoenix Suns,PHX,112,False
0022500988,2026-03-16,1610612740,New Orleans Pelicans,NOP,129,1610612742,Dallas Mavericks,DAL,111,False
0022500987,2026-03-16,1610612741,Chicago Bulls,CHI,132,1610612763,Memphis Grizzlies,MEM,107,False
0022500984,2026-03-16,1610612764,Washington Wizards,WAS,117,1610612744,Golden State Warriors,GSW,125,False
0022500989,2026-03-16,1610612745,Houston Rockets,HOU,92,1610612747,Los Angeles Lakers,LAL,100,False
0022500990,2026-03-16,1610612746,LA Clippers,LAC,115,1610612759,San Antonio Spurs,SAS,119,False
0022500985,2026-03-16,1610612751,Brooklyn Nets,BKN,95,1610612757,Portland Trail Blazers,POR,114,False
0022500995,2026-03-17,1610612749,Milwaukee Bucks,MIL,116,1610612739,Cleveland Cavaliers,CLE,123,False
0022500997,2026-03-17,1610612743,Denver Nuggets,DEN,124,1610612755,Philadelphia 76ers,PHI,96,False
0022500991,2026-03-17,1610612766,Charlotte Hornets,CHA,136,1610612748,Miami Heat,MIA,106,False
0022500996,2026-03-17,1610612750,Minnesota Timberwolves,MIN,116,1610612756,Phoenix Suns,PHX,104,False
0022500994,2026-03-17,1610612752,New York Knicks,NYK,136,1610612754,Indiana Pacers,IND,110,False
0022500992,2026-03-17,1610612753,Orlando Magic,ORL,108,1610612760,Oklahoma City Thunder,OKC,113,False
0022500998,2026-03-17,1610612758,Sacramento Kings,SAC,104,1610612759,San Antonio Spurs,SAS,132,False
0022500993,2026-03-17,1610612764,Washington Wizards,WAS,117,1610612765,Detroit Pistons,DET,130,False
0022501006,2026-03-18,1610612742,Dallas Mavericks,DAL,120,1610612737,Atlanta Hawks,ATL,135,False
0022500999,2026-03-18,1610612738,Boston Celtics,BOS,120,1610612744,Golden State Warriors,GSW,99,False
0022501005,2026-03-18,1610612740,New Orleans Pelicans,NOP,124,1610612746,LA Clippers,LAC,109,False
0022501002,2026-03-18,1610612741,Chicago Bulls,CHI,109,1610612761,Toronto Raptors,TOR,139,False
0022500651,2026-03-18,1610612763,Memphis Grizzlies,MEM,125,1610612743,Denver Nuggets,DEN,118,False
0022501007,2026-03-18,1610612745,Houston Rockets,HOU,116,1610612747,Los Angeles Lakers,LAL,124,False
0022501004,2026-03-18,1610612750,Minnesota Timberwolves,MIN,147,1610612762,Utah Jazz,UTA,111,False
0022501000,2026-03-18,1610612751,Brooklyn Nets,BKN,92,1610612760,Oklahoma City Thunder,OKC,121,False
0022501001,2026-03-18,1610612754,Indiana Pacers,IND,119,1610612757,Portland Trail Blazers,POR,127,False
0022501011,2026-03-19,1610612741,Chicago Bulls,CHI,110,1610612739,Cleveland Cavaliers,CLE,115,False
0022501012,2026-03-19,1610612740,New Orleans Pelicans,NOP,105,1610612746,LA Clippers,LAC,99,False
0022501010,2026-03-19,1610612748,Miami Heat,MIA,126,1610612747,Los Angeles Lakers,LAL,134,False
0022501014,2026-03-19,1610612762,Utah Jazz,UTA,128,1610612749,Milwaukee Bucks,MIL,96,False
0022501008,2026-03-19,1610612766,Charlotte Hornets,CHA,130,1610612753,Orlando Magic,ORL,111,False
0022501015,2026-03-19,1610612758,Sacramento Kings,SAC,118,1610612755,Philadelphia 76ers,PHI,139,False
0022501013,2026-03-19,1610612759,San Antonio Spurs,SAS,101,1610612756,Phoenix Suns,PHX,100,False
0022501009,2026-03-19,1610612764,Washington Wizards,WAS,95,1610612765,Detroit Pistons,DET,117,False
0022501018,2026-03-20,1610612745,Houston Rockets,HOU,117,1610612737,Atlanta Hawks,ATL,95,False
0022501019,2026-03-20,1610612763,Memphis Grizzlies,MEM,112,1610612738,Boston Celtics,BOS,117,False
0022501021,2026-03-20,1610612743,Denver Nuggets,DEN,121,1610612761,Toronto Raptors,TOR,115,False
0022501017,2026-03-20,1610612765,Detroit Pistons,DET,115,1610612744,Golden State Warriors,GSW,101,False
0022501020,2026-03-20,1610612750,Minnesota Timberwolves,MIN,104,1610612757,Portland Trail Blazers,POR,108,False
0022501016,2026-03-20,1610612751,Brooklyn Nets,BKN,92,1610612752,New York Knicks,NYK,93,False
0022501026,2026-03-21,1610612737,Atlanta Hawks,ATL,126,1610612744,Golden State Warriors,GSW,110,False
0022501025,2026-03-21,1610612740,New Orleans Pelicans,NOP,106,1610612739,Cleveland Cavaliers,CLE,111,False
0022501029,2026-03-21,1610612742,Dallas Mavericks,DAL,131,1610612746,LA Clippers,LAC,138,False
0022501027,2026-03-21,1610612745,Houston Rockets,HOU,123,1610612748,Miami Heat,MIA,122,False
0022501024,2026-03-21,1610612753,Orlando Magic,ORL,104,1610612747,Los Angeles Lakers,LAL,105,False
0022501031,2026-03-21,1610612756,Phoenix Suns,PHX,105,1610612749,Milwaukee Bucks,MIL,108,False
0022501028,2026-03-21,1610612759,San Antonio Spurs,SAS,134,1610612754,Indiana Pacers,IND,119,False
0022501030,2026-03-21,1610612762,Utah Jazz,UTA,116,1610612755,Philadelphia 76ers,PHI,126,False
0022501022,2026-03-21,1610612764,Washington Wizards,WAS,111,1610612760,Oklahoma City Thunder,OKC,132,False
0022501023,2026-03-21,1610612766,Charlotte Hornets,CHA,124,1610612763,Memphis Grizzlies,MEM,101,False
0022501035,2026-03-22,1610612738,Boston Celtics,BOS,92,1610612750,Minnesota Timberwolves,MIN,102,False
0022501032,2026-03-22,1610612743,Denver Nuggets,DEN,128,1610612757,Portland Trail Blazers,POR,112,False
0022501033,2026-03-22,1610612758,Sacramento Kings,SAC,126,1610612751,Brooklyn Nets,BKN,122,False
0022501034,2026-03-22,1610612752,New York Knicks,NYK,145,1610612764,Washington Wizards,WAS,113,False
0022501036,2026-03-22,1610612756,Phoenix Suns,PHX,120,1610612761,Toronto Raptors,TOR,98,False
0022501037,2026-03-23,1610612737,Atlanta Hawks,ATL,146,1610612763,Memphis Grizzlies,MEM,107,False
0022501042,2026-03-23,1610612741,Chicago Bulls,CHI,132,1610612745,Houston Rockets,HOU,124,False
0022501044,2026-03-23,1610612742,Dallas Mavericks,DAL,131,1610612744,Golden State Warriors,GSW,137,False
0022501046,2026-03-23,1610612746,LA Clippers,LAC,129,1610612749,Milwaukee Bucks,MIL,96,False
0022501038,2026-03-23,1610612765,Detroit Pistons,DET,113,1610612747,Los Angeles Lakers,LAL,110,False
0022501041,2026-03-23,1610612748,Miami Heat,MIA,111,1610612759,San Antonio Spurs,SAS,136,False
0022501045,2026-03-23,1610612757,Portland Trail Blazers,POR,134,1610612751,Brooklyn Nets,BKN,99,False
0022501039,2026-03-23,1610612753,Orlando Magic,ORL,126,1610612754,Indiana Pacers,IND,128,False
0022501040,2026-03-23,1610612755,Philadelphia 76ers,PHI,103,1610612760,Oklahoma City Thunder,OKC,123,False
0022501043,2026-03-23,1610612762,Utah Jazz,UTA,127,1610612761,Toronto Raptors,TOR,143,False
0022501049,2026-03-24,1610612739,Cleveland Cavaliers,CLE,136,1610612753,Orlando Magic,ORL,131,False
0022501048,2026-03-24,1610612752,New York Knicks,NYK,121,1610612740,New Orleans Pelicans,NOP,116,False
0022501050,2026-03-24,1610612756,Phoenix Suns,PHX,123,1610612743,Denver Nuggets,DEN,125,False
0022501047,2026-03-24,1610612766,Charlotte Hornets,CHA,134,1610612758,Sacramento Kings,SAC,90,False
0022501051,2026-03-25,1610612765,Detroit Pistons,DET,129,1610612737,Atlanta Hawks,ATL,130,False
0022501054,2026-03-25,1610612738,Boston Celtics,BOS,119,1610612760,Oklahoma City Thunder,OKC,109,False
0022501055,2026-03-25,1610612739,Cleveland Cavaliers,CLE,103,1610612748,Miami Heat,MIA,120,False
0022501053,2026-03-25,1610612755,Philadelphia 76ers,PHI,157,1610612741,Chicago Bulls,CHI,137,False
0022501059,2026-03-25,1610612743,Denver Nuggets,DEN,142,1610612742,Dallas Mavericks,DAL,135,False
0022501060,2026-03-25,1610612744,Golden State Warriors,GSW,109,1610612751,Brooklyn Nets,BKN,106,False
0022501058,2026-03-25,1610612750,Minnesota Timberwolves,MIN,110,1610612745,Houston Rockets,HOU,108,False
0022501062,2026-03-25,1610612746,LA Clippers,LAC,119,1610612761,Toronto Raptors,TOR,94,False
0022501052,2026-03-25,1610612754,Indiana Pacers,IND,130,1610612747,Los Angeles Lakers,LAL,137,False
0022501061,2026-03-25,1610612757,Portland Trail Blazers,POR,130,1610612749,Milwaukee Bucks,MIL,99,False
0022501056,2026-03-25,1610612763,Memphis Grizzlies,MEM,98,1610612759,San Antonio Spurs,SAS,123,False
0022501057,2026-03-25,1610612762,Utah Jazz,UTA,110,1610612764,Washington Wizards,WAS,133,False
0022501064,2026-03-26,1610612765,Detroit Pistons,DET,129,1610612740,New Orleans Pelicans,NOP,108,False
0022501063,2026-03-26,1610612766,Charlotte Hornets,CHA,114,1610612752,New York Knicks,NYK,103,False
0022501065,2026-03-26,1610612753,Orlando Magic,ORL,121,1610612758,Sacramento Kings,SAC,117,False
0022501067,2026-03-27,1610612738,Boston Celtics,BOS,109,1610612737,Atlanta Hawks,ATL,102,False
0022501068,2026-03-27,1610612739,Cleveland Cavaliers,CLE,149,1610612748,Miami Heat,MIA,128,False
0022501071,2026-03-27,1610612761,Toronto Raptors,TOR,119,1610612740,New Orleans Pelicans,NOP,106,False
0022501070,2026-03-27,1610612760,Oklahoma City Thunder,OKC,131,1610612741,Chicago Bulls,CHI,113,False
0022501074,2026-03-27,1610612757,Portland Trail Blazers,POR,93,1610612742,Dallas Mavericks,DAL,100,False
0022501072,2026-03-27,1610612743,Denver Nuggets,DEN,135,1610612762,Utah Jazz,UTA,129,False
0022501073,2026-03-27,1610612744,Golden State Warriors,GSW,131,1610612764,Washington Wizards,WAS,126,False
0022501069,2026-03-27,1610612763,Memphis Grizzlies,MEM,109,1610612745,Houston Rockets,HOU,119,False
0022501066,2026-03-27,1610612754,Indiana Pacers,IND,113,1610612746,LA Clippers,LAC,114,False
0022501075,2026-03-27,1610612747,Los Angeles Lakers,LAL,116,1610612751,Brooklyn Nets,BKN,99,False
0022501078,2026-03-28,1610612737,Atlanta Hawks,ATL,123,1610612758,Sacramento Kings,SAC,113,False
0022501079,2026-03-28,1610612763,Memphis Grizzlies,MEM,125,1610612741,Chicago Bulls,CHI,124,False
0022501076,2026-03-28,1610612749,Milwaukee Bucks,MIL,95,1610612759,San Antonio Spurs,SAS,127,False
0022501080,2026-03-28,1610612750,Minnesota Timberwolves,MIN,87,1610612765,Detroit Pistons,DET,109,False
0022501077,2026-03-28,1610612766,Charlotte Hornets,CHA,114,1610612755,Philadelphia 76ers,PHI,118,False
0022501081,2026-03-28,1610612756,Phoenix Suns,PHX,134,1610612762,Utah Jazz,UTA,109,False
0022501085,2026-03-29,1610612766,Charlotte Hornets,CHA,99,1610612738,Boston Celtics,BOS,114,False
0022501088,2026-03-29,1610612740,New Orleans Pelicans,NOP,102,1610612745,Houston Rockets,HOU,134,False
0022501090,2026-03-29,1610612743,Denver Nuggets,DEN,116,1610612744,Golden State Warriors,GSW,93,False
0022501082,2026-03-29,1610612749,Milwaukee Bucks,MIL,113,1610612746,LA Clippers,LAC,127,False
0022501083,2026-03-29,1610612754,Indiana Pacers,IND,135,1610612748,Miami Heat,MIA,118,False
0022501084,2026-03-29,1610612751,Brooklyn Nets,BKN,116,1610612758,Sacramento Kings,SAC,99,False
0022501089,2026-03-29,1610612760,Oklahoma City Thunder,OKC,111,1610612752,New York Knicks,NYK,100,False
0022501086,2026-03-29,1610612761,Toronto Raptors,TOR,139,1610612753,Orlando Magic,ORL,87,False
0022501087,2026-03-29,1610612757,Portland Trail Blazers,POR,123,1610612764,Washington Wizards,WAS,88,False
0022501092,2026-03-30,1610612737,Atlanta Hawks,ATL,112,1610612738,Boston Celtics,BOS,102,False
0022501096,2026-03-30,1610612762,Utah Jazz,UTA,113,1610612739,Cleveland Cavaliers,CLE,122,False
0022501094,2026-03-30,1610612759,San Antonio Spurs,SAS,129,1610612741,Chicago Bulls,CHI,114,False
0022501095,2026-03-30,1610612742,Dallas Mavericks,DAL,94,1610612750,Minnesota Timberwolves,MIN,124,False
0022501098,2026-03-30,1610612747,Los Angeles Lakers,LAL,120,1610612764,Washington Wizards,WAS,101,False
0022501091,2026-03-30,1610612748,Miami Heat,MIA,119,1610612755,Philadelphia 76ers,PHI,109,False
0022501093,2026-03-30,1610612763,Memphis Grizzlies,MEM,105,1610612756,Phoenix Suns,PHX,131,False
0022501097,2026-03-30,1610612760,Oklahoma City Thunder,OKC,114,1610612765,Detroit Pistons,DET,110,False
0022501103,2026-03-31,1610612747,Los Angeles Lakers,LAL,127,1610612739,Cleveland Cavaliers,CLE,113,False
0022500652,2026-03-31,1610612749,Milwaukee Bucks,MIL,123,1610612742,Dallas Mavericks,DAL,99,False
0022501102,2026-03-31,1610612745,Houston Rockets,HOU,111,1610612752,New York Knicks,NYK,94,False
0022501104,2026-03-31,1610612746,LA Clippers,LAC,104,1610612757,Portland Trail Blazers,POR,114,False
0022501100,2026-03-31,1610612751,Brooklyn Nets,BKN,86,1610612766,Charlotte Hornets,CHA,117,False
0022501099,2026-03-31,1610612753,Orlando Magic,ORL,115,1610612756,Phoenix Suns,PHX,111,False
0022501101,2026-03-31,1610612765,Detroit Pistons,DET,127,1610612761,Toronto Raptors,TOR,116,False
0022501107,2026-04-01,1610612753,Orlando Magic,ORL,101,1610612737,Atlanta Hawks,ATL,130,False
0022501106,2026-04-01,1610612748,Miami Heat,MIA,129,1610612738,Boston Celtics,BOS,147,False
0022501109,2026-04-01,1610612741,Chicago Bulls,CHI,126,1610612754,Indiana Pacers,IND,145,False
0022501112,2026-04-01,1610612762,Utah Jazz,UTA,117,1610612743,Denver Nuggets,DEN,130,False
0022501113,2026-04-01,1610612744,Golden State Warriors,GSW,113,1610612759,San Antonio Spurs,SAS,127,False
0022501110,2026-04-01,1610612745,Houston Rockets,HOU,119,1610612749,Milwaukee Bucks,MIL,113,False
0022501003,2026-04-01,1610612763,Memphis Grizzlies,MEM,119,1610612752,New York Knicks,NYK,130,False
0022501105,2026-04-01,1610612764,Washington Wizards,WAS,131,1610612755,Philadelphia 76ers,PHI,153,False
0022501108,2026-04-01,1610612761,Toronto Raptors,TOR,115,1610612758,Sacramento Kings,SAC,123,False
0022501117,2026-04-02,1610612744,Golden State Warriors,GSW,111,1610612739,Cleveland Cavaliers,CLE,118,False
0022501118,2026-04-02,1610612757,Portland Trail Blazers,POR,118,1610612740,New Orleans Pelicans,NOP,106,False
0022501119,2026-04-02,1610612746,LA Clippers,LAC,99,1610612759,San Antonio Spurs,SAS,118,False
0022501116,2026-04-02,1610612760,Oklahoma City Thunder,OKC,139,1610612747,Los Angeles Lakers,LAL,96,False
0022501115,2026-04-02,1610612765,Detroit Pistons,DET,113,1610612750,Minnesota Timberwolves,MIN,108,False
0022501114,2026-04-02,1610612766,Charlotte Hornets,CHA,127,1610612756,Phoenix Suns,PHX,107,False
0022501122,2026-04-03,1610612751,Brooklyn Nets,BKN,107,1610612737,Atlanta Hawks,ATL,141,False
0022501126,2026-04-03,1610612749,Milwaukee Bucks,MIL,101,1610612738,Boston Celtics,BOS,133,False
0022501128,2026-04-03,1610612758,Sacramento Kings,SAC,117,1610612740,New Orleans Pelicans,NOP,113,False
0022501123,2026-04-03,1610612752,New York Knicks,NYK,136,1610612741,Chicago Bulls,CHI,96,False
0022501127,2026-04-03,1610612742,Dallas Mavericks,DAL,127,1610612753,Orlando Magic,ORL,138,False
0022501124,2026-04-03,1610612745,Houston Rockets,HOU,140,1610612762,Utah Jazz,UTA,106,False
0022501121,2026-04-03,1610612755,Philadelphia 76ers,PHI,115,1610612750,Minnesota Timberwolves,MIN,103,False
0022501120,2026-04-03,1610612766,Charlotte Hornets,CHA,129,1610612754,Indiana Pacers,IND,108,False
0022501125,2026-04-03,1610612763,Memphis Grizzlies,MEM,96,1610612761,Toronto Raptors,TOR,128,False
0022501130,2026-04-04,1610612743,Denver Nuggets,DEN,136,1610612759,San Antonio Spurs,SAS,134,False
0022501129,2026-04-04,1610612748,Miami Heat,MIA,152,1610612764,Washington Wizards,WAS,136,False
0022501131,2026-04-04,1610612755,Philadelphia 76ers,PHI,93,1610612765,Detroit Pistons,DET,116,False
0022501132,2026-04-05,1610612738,Boston Celtics,BOS,115,1610612761,Toronto Raptors,TOR,101,False
0022501136,2026-04-05,1610612739,Cleveland Cavaliers,CLE,117,1610612754,Indiana Pacers,IND,108,False
0022501138,2026-04-05,1610612740,New Orleans Pelicans,NOP,108,1610612753,Orlando Magic,ORL,112,False
0022501134,2026-04-05,1610612741,Chicago Bulls,CHI,110,1610612756,Phoenix Suns,PHX,120,False
0022501140,2026-04-05,1610612742,Dallas Mavericks,DAL,134,1610612747,Los Angeles Lakers,LAL,128,False
0022501142,2026-04-05,1610612744,Golden State Warriors,GSW,116,1610612745,Houston Rockets,HOU,117,False
0022501141,2026-04-05,1610612758,Sacramento Kings,SAC,109,1610612746,LA Clippers,LAC,138,False
0022501135,2026-04-05,1610612749,Milwaukee Bucks,MIL,131,1610612763,Memphis Grizzlies,MEM,115,False
0022501137,2026-04-05,1610612750,Minnesota Timberwolves,MIN,108,1610612766,Charlotte Hornets,CHA,122,False
0022501133,2026-04-05,1610612751,Brooklyn Nets,BKN,121,1610612764,Washington Wizards,WAS,115,False
0022501139,2026-04-05,1610612760,Oklahoma City Thunder,OKC,146,1610612762,Utah Jazz,UTA,111,False
0022501143,2026-04-06,1610612737,Atlanta Hawks,ATL,105,1610612752,New York Knicks,NYK,108,False
0022501145,2026-04-06,1610612763,Memphis Grizzlies,MEM,126,1610612739,Cleveland Cavaliers,CLE,142,False
0022501147,2026-04-06,1610612743,Denver Nuggets,DEN,137,1610612757,Portland Trail Blazers,POR,132,False
0022501144,2026-04-06,1610612753,Orlando Magic,ORL,123,1610612765,Detroit Pistons,DET,107,False
0022501146,2026-04-06,1610612759,San Antonio Spurs,SAS,115,1610612755,Philadelphia 76ers,PHI,102,False
0022501149,2026-04-07,1610612738,Boston Celtics,BOS,113,1610612766,Charlotte Hornets,CHA,102,False
0022501153,2026-04-07,1610612740,New Orleans Pelicans,NOP,156,1610612762,Utah Jazz,UTA,137,False
0022501148,2026-04-07,1610612764,Washington Wizards,WAS,98,1610612741,Chicago Bulls,CHI,129,False
0022501156,2026-04-07,1610612746,LA Clippers,LAC,116,1610612742,Dallas Mavericks,DAL,103,False
0022501154,2026-04-07,1610612744,Golden State Warriors,GSW,110,1610612758,Sacramento Kings,SAC,105,False
0022501157,2026-04-07,1610612756,Phoenix Suns,PHX,105,1610612745,Houston Rockets,HOU,119,False
0022501155,2026-04-07,1610612747,Los Angeles Lakers,LAL,87,1610612760,Oklahoma City Thunder,OKC,123,False
0022501151,2026-04-07,1610612761,Toronto Raptors,TOR,121,1610612748,Miami Heat,MIA,95,False
0022501150,2026-04-07,1610612751,Brooklyn Nets,BKN,96,1610612749,Milwaukee Bucks,MIL,90,False
0022501152,2026-04-07,1610612754,Indiana Pacers,IND,104,1610612750,Minnesota Timberwolves,MIN,124,False
0022501158,2026-04-08,1610612739,Cleveland Cavaliers,CLE,122,1610612737,Atlanta Hawks,ATL,116,False
0022501164,2026-04-08,1610612756,Phoenix Suns,PHX,112,1610612742,Dallas Mavericks,DAL,107,False
0022501162,2026-04-08,1610612743,Denver Nuggets,DEN,136,1610612763,Memphis Grizzlies,MEM,119,False
0022501163,2026-04-08,1610612746,LA Clippers,LAC,110,1610612760,Oklahoma City Thunder,OKC,128,False
0022501160,2026-04-08,1610612765,Detroit Pistons,DET,137,1610612749,Milwaukee Bucks,MIL,111,False
0022501159,2026-04-08,1610612753,Orlando Magic,ORL,132,1610612750,Minnesota Timberwolves,MIN,120,False
0022501161,2026-04-08,1610612759,San Antonio Spurs,SAS,112,1610612757,Portland Trail Blazers,POR,101,False
0022501168,2026-04-09,1610612752,New York Knicks,NYK,112,1610612738,Boston Celtics,BOS,106,False
0022501166,2026-04-09,1610612764,Washington Wizards,WAS,108,1610612741,Chicago Bulls,CHI,119,False
0022501170,2026-04-09,1610612744,Golden State Warriors,GSW,103,1610612747,Los Angeles Lakers,LAL,119,False
0022501169,2026-04-09,1610612745,Houston Rockets,HOU,113,1610612755,Philadelphia 76ers,PHI,102,False
0022501165,2026-04-09,1610612761,Toronto Raptors,TOR,128,1610612748,Miami Heat,MIA,114,False
0022501167,2026-04-09,1610612751,Brooklyn Nets,BKN,94,1610612754,Indiana Pacers,IND,123,False
0022501173,2026-04-10,1610612737,Atlanta Hawks,ATL,124,1610612739,Cleveland Cavaliers,CLE,102,False
0022501174,2026-04-10,1610612738,Boston Celtics,BOS,144,1610612740,New Orleans Pelicans,NOP,118,False
0022501177,2026-04-10,1610612741,Chicago Bulls,CHI,103,1610612753,Orlando Magic,ORL,127,False
0022501180,2026-04-10,1610612759,San Antonio Spurs,SAS,139,1610612742,Dallas Mavericks,DAL,120,False
0022501182,2026-04-10,1610612743,Denver Nuggets,DEN,127,1610612760,Oklahoma City Thunder,OKC,107,False
0022501184,2026-04-10,1610612758,Sacramento Kings,SAC,124,1610612744,Golden State Warriors,GSW,118,False
0022501178,2026-04-10,1610612745,Houston Rockets,HOU,132,1610612750,Minnesota Timberwolves,MIN,136,False
0022501183,2026-04-10,1610612757,Portland Trail Blazers,POR,116,1610612746,LA Clippers,LAC,97,False
0022501185,2026-04-10,1610612747,Los Angeles Lakers,LAL,101,1610612756,Phoenix Suns,PHX,73,False
0022501172,2026-04-10,1610612764,Washington Wizards,WAS,117,1610612748,Miami Heat,MIA,140,False
0022501179,2026-04-10,1610612749,Milwaukee Bucks,MIL,125,1610612751,Brooklyn Nets,BKN,108,False
0022501176,2026-04-10,1610612752,New York Knicks,NYK,112,1610612761,Toronto Raptors,TOR,95,False
0022501175,2026-04-10,1610612754,Indiana Pacers,IND,94,1610612755,Philadelphia 76ers,PHI,105,False
0022501181,2026-04-10,1610612762,Utah Jazz,UTA,147,1610612763,Memphis Grizzlies,MEM,101,False
0022501171,2026-04-10,1610612766,Charlotte Hornets,CHA,100,1610612765,Detroit Pistons,DET,118,False
0022501189,2026-04-12,1610612748,Miami Heat,MIA,143,1610612737,Atlanta Hawks,ATL,117,False
0022501186,2026-04-12,1610612738,Boston Celtics,BOS,113,1610612753,Orlando Magic,ORL,108,False
0022501187,2026-04-12,1610612739,Cleveland Cavaliers,CLE,130,1610612764,Washington Wizards,WAS,117,False
0022501195,2026-04-12,1610612750,Minnesota Timberwolves,MIN,132,1610612740,New Orleans Pelicans,NOP,126,False
0022501193,2026-04-12,1610612742,Dallas Mavericks,DAL,149,1610612741,Chicago Bulls,CHI,128,False
0022501197,2026-04-12,1610612759,San Antonio Spurs,SAS,118,1610612743,Denver Nuggets,DEN,128,False
0022501199,2026-04-12,1610612746,LA Clippers,LAC,115,1610612744,Golden State Warriors,GSW,110,False
0022501194,2026-04-12,1610612745,Houston Rockets,HOU,132,1610612763,Memphis Grizzlies,MEM,101,False
0022501198,2026-04-12,1610612747,Los Angeles Lakers,LAL,131,1610612762,Utah Jazz,UTA,107,False
0022501191,2026-04-12,1610612755,Philadelphia 76ers,PHI,126,1610612749,Milwaukee Bucks,MIL,106,False
0022501192,2026-04-12,1610612761,Toronto Raptors,TOR,136,1610612751,Brooklyn Nets,BKN,101,False
0022501190,2026-04-12,1610612752,New York Knicks,NYK,96,1610612766,Charlotte Hornets,CHA,110,False
0022501188,2026-04-12,1610612754,Indiana Pacers,IND,121,1610612765,Detroit Pistons,DET,133,False
0022501196,2026-04-12,1610612760,Oklahoma City Thunder,OKC,103,1610612756,Phoenix Suns,PHX,135,False
0022501200,2026-04-12,1610612757,Portland Trail Blazers,POR,122,1610612758,Sacramento Kings,SAC,110,False
